ID,Language_ID,Parameter_ID,Value,Code_ID,Comment,Source,Context
Changsha_0070_i,Changsha,0070_i,p,,,Cihui,i
Changsha_0070-2019_i,Changsha,0070-2019_i,p’,,,Cihui,i
Changsha_006d_i,Changsha,006d_i,m,,,Cihui,i
Changsha_0066_i,Changsha,0066_i,f,,,Cihui,i
Changsha_0074_i,Changsha,0074_i,t,,,Cihui,i
Changsha_0074-2019_i,Changsha,0074-2019_i,t’,,,Cihui,i
Changsha_006e_i,Changsha,006e_i,n,,,Cihui,i
Changsha_0074-0073_i,Changsha,0074-0073_i,ts,,,Cihui,i
Changsha_0074-0073-2019_i,Changsha,0074-0073-2019_i,ts’,,,Cihui,i
Changsha_0073_i,Changsha,0073_i,s,,,Cihui,i
Changsha_007a_i,Changsha,007a_i,z,,,Cihui,i
Changsha_0074-0255_i,Changsha,0074-0255_i,tɕ,,,Cihui,i
Changsha_0074-0255-2019_i,Changsha,0074-0255-2019_i,tɕ’,,,Cihui,i
Changsha_0235_i,Changsha,0235_i,ȵ,,,Cihui,i
Changsha_0255_i,Changsha,0255_i,ɕ,,,Cihui,i
Changsha_006b_i,Changsha,006b_i,k,,,Cihui,i
Changsha_006b-2019_i,Changsha,006b-2019_i,k’,,,Cihui,i
Changsha_014b_i,Changsha,014b_i,ŋ,,,Cihui,i
Changsha_0078_i,Changsha,0078_i,x,,,Cihui,i
Changsha_027f_n,Changsha,027f_n,ɿ,,,Cihui,n
Changsha_0061_n,Changsha,0061_n,a,,,Cihui,n
Changsha_006f_n,Changsha,006f_n,o,,,Cihui,n
Changsha_0259_n,Changsha,0259_n,ə,,,Cihui,n
Changsha_0061-0069_n,Changsha,0061-0069_n,ai,,,Cihui,n
Changsha_0065-0069_n,Changsha,0065-0069_n,ei,,,Cihui,n
Changsha_0061-0075_n,Changsha,0061-0075_n,au,,,Cihui,n
Changsha_0259-0075_n,Changsha,0259-0075_n,əu,,,Cihui,n
Changsha_00f5_n,Changsha,00f5_n,õ,,,Cihui,n
Changsha_0061_n,Changsha,0061_n,a,,,Cihui,n
Changsha_006e_c,Changsha,006e_c,n,,,Cihui,c
Changsha_0264_n,Changsha,0264_n,ɤ,,,Cihui,n
Changsha_006e_c,Changsha,006e_c,n,,,Cihui,c
Changsha_0259_n,Changsha,0259_n,ə,,,Cihui,n
Changsha_006e_c,Changsha,006e_c,n,,,Cihui,c
Changsha_0069_n,Changsha,0069_n,i,,,Cihui,n
Changsha_0069_m,Changsha,0069_m,i,,,Cihui,m
Changsha_0061_n,Changsha,0061_n,a,,,Cihui,n
Changsha_0069_m,Changsha,0069_m,i,,,Cihui,m
Changsha_006f_n,Changsha,006f_n,o,,,Cihui,n
Changsha_0069_m,Changsha,0069_m,i,,,Cihui,m
Changsha_0065_n,Changsha,0065_n,e,,,Cihui,n
Changsha_0069_m,Changsha,0069_m,i,,,Cihui,m
Changsha_0061-0075_n,Changsha,0061-0075_n,au,,,Cihui,n
Changsha_0069_m,Changsha,0069_m,i,,,Cihui,m
Changsha_0259-0075_n,Changsha,0259-0075_n,əu,,,Cihui,n
Changsha_0129_n,Changsha,0129_n,ĩ,,,Cihui,n
Changsha_0069_m,Changsha,0069_m,i,,,Cihui,m
Changsha_0061_n,Changsha,0061_n,a,,,Cihui,n
Changsha_006e_c,Changsha,006e_c,n,,,Cihui,c
Changsha_0069_n,Changsha,0069_n,i,,,Cihui,n
Changsha_006e_c,Changsha,006e_c,n,,,Cihui,c
Changsha_0075_n,Changsha,0075_n,u,,,Cihui,n
Changsha_0075_m,Changsha,0075_m,u,,,Cihui,m
Changsha_0061_n,Changsha,0061_n,a,,,Cihui,n
Changsha_0075_m,Changsha,0075_m,u,,,Cihui,m
Changsha_0259_n,Changsha,0259_n,ə,,,Cihui,n
Changsha_0075_m,Changsha,0075_m,u,,,Cihui,m
Changsha_0061-0069_n,Changsha,0061-0069_n,ai,,,Cihui,n
Changsha_0075_m,Changsha,0075_m,u,,,Cihui,m
Changsha_0065-0069_n,Changsha,0065-0069_n,ei,,,Cihui,n
Changsha_0075_m,Changsha,0075_m,u,,,Cihui,m
Changsha_0061_n,Changsha,0061_n,a,,,Cihui,n
Changsha_006e_c,Changsha,006e_c,n,,,Cihui,c
Changsha_0075_m,Changsha,0075_m,u,,,Cihui,m
Changsha_0259_n,Changsha,0259_n,ə,,,Cihui,n
Changsha_006e_c,Changsha,006e_c,n,,,Cihui,c
Changsha_0079_n,Changsha,0079_n,y,,,Cihui,n
Changsha_0079_m,Changsha,0079_m,y,,,Cihui,m
Changsha_0061_n,Changsha,0061_n,a,,,Cihui,n
Changsha_0079_m,Changsha,0079_m,y,,,Cihui,m
Changsha_0065_n,Changsha,0065_n,e,,,Cihui,n
Changsha_0079_m,Changsha,0079_m,y,,,Cihui,m
Changsha_0061-0069_n,Changsha,0061-0069_n,ai,,,Cihui,n
Changsha_0079_m,Changsha,0079_m,y,,,Cihui,m
Changsha_0065-0069_n,Changsha,0065-0069_n,ei,,,Cihui,n
Changsha_0079_m,Changsha,0079_m,y,,,Cihui,m
Changsha_1ebd_n,Changsha,1ebd_n,ẽ,,,Cihui,n
Changsha_0079_m,Changsha,0079_m,y,,,Cihui,m
Changsha_0061_n,Changsha,0061_n,a,,,Cihui,n
Changsha_006e_c,Changsha,006e_c,n,,,Cihui,c
Changsha_0079_n,Changsha,0079_n,y,,,Cihui,n
Changsha_006e_c,Changsha,006e_c,n,,,Cihui,c
Changsha_006e-0329_n,Changsha,006e-0329_n,n̩,,,Cihui,n
Changsha_00b3-00b3_t/ip,Changsha,00b3-00b3_t/ip,³³,,,Cihui,t/ip
Changsha_00b9-00b3_t/ap,Changsha,00b9-00b3_t/ap,¹³,,,Cihui,t/ap
Changsha_2074-00b9_t/s,Changsha,2074-00b9_t/s,⁴¹,,,Cihui,t/s
Changsha_2075-2075_t/iq,Changsha,2075-2075_t/iq,⁵⁵,,,Cihui,t/iq
Changsha_00b2-00b9_t/aq,Changsha,00b2-00b9_t/aq,²¹,,,Cihui,t/aq
Changsha_00b2-2074_t/r,Changsha,00b2-2074_t/r,²⁴,,,Cihui,t/r
Changsha_2070_t,Changsha,2070_t,⁰,,,Cihui,t
Hefei_0070_i,Hefei,0070_i,p,,,Cihui,i
Hefei_0070-2019_i,Hefei,0070-2019_i,p’,,,Cihui,i
Hefei_006d_i,Hefei,006d_i,m,,,Cihui,i
Hefei_0066_i,Hefei,0066_i,f,,,Cihui,i
Hefei_0074_i,Hefei,0074_i,t,,,Cihui,i
Hefei_0074-2019_i,Hefei,0074-2019_i,t’,,,Cihui,i
Hefei_006c_i,Hefei,006c_i,l,,,Cihui,i
Hefei_0074-0073_i,Hefei,0074-0073_i,ts,,,Cihui,i
Hefei_0074-0073-2019_i,Hefei,0074-0073-2019_i,ts’,,,Cihui,i
Hefei_0073_i,Hefei,0073_i,s,,,Cihui,i
Hefei_007a_i,Hefei,007a_i,z,,,Cihui,i
Hefei_0074-0282_i,Hefei,0074-0282_i,tʂ,,,Cihui,i
Hefei_0074-0282-2019_i,Hefei,0074-0282-2019_i,tʂ’,,,Cihui,i
Hefei_0282_i,Hefei,0282_i,ʂ,,,Cihui,i
Hefei_0290_i,Hefei,0290_i,ʐ,,,Cihui,i
Hefei_0074-0255_i,Hefei,0074-0255_i,tɕ,,,Cihui,i
Hefei_0074-0255-2019_i,Hefei,0074-0255-2019_i,tɕ’,,,Cihui,i
Hefei_0255_i,Hefei,0255_i,ɕ,,,Cihui,i
Hefei_006b_i,Hefei,006b_i,k,,,Cihui,i
Hefei_006b-2019_i,Hefei,006b-2019_i,k’,,,Cihui,i
Hefei_0078_i,Hefei,0078_i,x,,,Cihui,i
Hefei_027f_n,Hefei,027f_n,ɿ,,,Cihui,n
Hefei_0285_n,Hefei,0285_n,ʅ,,,Cihui,n
Hefei_0061_n,Hefei,0061_n,a,,,Cihui,n
Hefei_0254_n,Hefei,0254_n,ɔ,,,Cihui,n
Hefei_1d07_n,Hefei,1d07_n,ᴇ,,,Cihui,n
Hefei_0259_n,Hefei,0259_n,ə,,,Cihui,n
Hefei_026f_n,Hefei,026f_n,ɯ,,,Cihui,n
Hefei_028a_n,Hefei,028a_n,ʊ,,,Cihui,n
Hefei_0065-0069_n,Hefei,0065-0069_n,ei,,,Cihui,n
Hefei_0251-0303_n,Hefei,0251-0303_n,ɑ̃,,,Cihui,n
Hefei_00e6-0303_n,Hefei,00e6-0303_n,æ̃,,,Cihui,n
Hefei_028a-0303_n,Hefei,028a-0303_n,ʊ̃,,,Cihui,n
Hefei_0259_n,Hefei,0259_n,ə,,,Cihui,n
Hefei_006e_c,Hefei,006e_c,n,,,Cihui,c
Hefei_0259_n,Hefei,0259_n,ə,,,Cihui,n
Hefei_014b_c,Hefei,014b_c,ŋ,,,Cihui,c
Hefei_0250_n,Hefei,0250_n,ɐ,,,Cihui,n
Hefei_0294_c,Hefei,0294_c,ʔ,,,Cihui,c
Hefei_0259_n,Hefei,0259_n,ə,,,Cihui,n
Hefei_0294_c,Hefei,0294_c,ʔ,,,Cihui,c
Hefei_0069_n,Hefei,0069_n,i,,,Cihui,n
Hefei_0069_m,Hefei,0069_m,i,,,Cihui,m
Hefei_0061_n,Hefei,0061_n,a,,,Cihui,n
Hefei_0069_m,Hefei,0069_m,i,,,Cihui,m
Hefei_006f_n,Hefei,006f_n,o,,,Cihui,n
Hefei_0069_m,Hefei,0069_m,i,,,Cihui,m
Hefei_1d07_n,Hefei,1d07_n,ᴇ,,,Cihui,n
Hefei_0069_m,Hefei,0069_m,i,,,Cihui,m
Hefei_026f_n,Hefei,026f_n,ɯ,,,Cihui,n
Hefei_0069_m,Hefei,0069_m,i,,,Cihui,m
Hefei_0251-0303_n,Hefei,0251-0303_n,ɑ̃,,,Cihui,n
Hefei_0069_m,Hefei,0069_m,i,,,Cihui,m
Hefei_026a-0303_n,Hefei,026a-0303_n,ɪ̃,,,Cihui,n
Hefei_0069_n,Hefei,0069_n,i,,,Cihui,n
Hefei_006e_c,Hefei,006e_c,n,,,Cihui,c
Hefei_0069_n,Hefei,0069_n,i,,,Cihui,n
Hefei_014b_c,Hefei,014b_c,ŋ,,,Cihui,c
Hefei_0069_m,Hefei,0069_m,i,,,Cihui,m
Hefei_0250_n,Hefei,0250_n,ɐ,,,Cihui,n
Hefei_0294_c,Hefei,0294_c,ʔ,,,Cihui,c
Hefei_0069_m,Hefei,0069_m,i,,,Cihui,m
Hefei_0259_n,Hefei,0259_n,ə,,,Cihui,n
Hefei_0294_c,Hefei,0294_c,ʔ,,,Cihui,c
Hefei_0075_n,Hefei,0075_n,u,,,Cihui,n
Hefei_0075_m,Hefei,0075_m,u,,,Cihui,m
Hefei_0061_n,Hefei,0061_n,a,,,Cihui,n
Hefei_0075_m,Hefei,0075_m,u,,,Cihui,m
Hefei_1d07_n,Hefei,1d07_n,ᴇ,,,Cihui,n
Hefei_0075_m,Hefei,0075_m,u,,,Cihui,m
Hefei_0259_n,Hefei,0259_n,ə,,,Cihui,n
Hefei_0075_m,Hefei,0075_m,u,,,Cihui,m
Hefei_0069_n,Hefei,0069_n,i,,,Cihui,n
Hefei_0075_m,Hefei,0075_m,u,,,Cihui,m
Hefei_0251-0303_n,Hefei,0251-0303_n,ɑ̃,,,Cihui,n
Hefei_0075_m,Hefei,0075_m,u,,,Cihui,m
Hefei_00e6-0303_n,Hefei,00e6-0303_n,æ̃,,,Cihui,n
Hefei_0075_n,Hefei,0075_n,u,,,Cihui,n
Hefei_006e_c,Hefei,006e_c,n,,,Cihui,c
Hefei_0075_m,Hefei,0075_m,u,,,Cihui,m
Hefei_0250_n,Hefei,0250_n,ɐ,,,Cihui,n
Hefei_0294_c,Hefei,0294_c,ʔ,,,Cihui,c
Hefei_0075_m,Hefei,0075_m,u,,,Cihui,m
Hefei_0259_n,Hefei,0259_n,ə,,,Cihui,n
Hefei_0294_c,Hefei,0294_c,ʔ,,,Cihui,c
Hefei_0079_n,Hefei,0079_n,y,,,Cihui,n
Hefei_0079_m,Hefei,0079_m,y,,,Cihui,m
Hefei_1d07_n,Hefei,1d07_n,ᴇ,,,Cihui,n
Hefei_0079_m,Hefei,0079_m,y,,,Cihui,m
Hefei_0129_n,Hefei,0129_n,ĩ,,,Cihui,n
Hefei_0079_n,Hefei,0079_n,y,,,Cihui,n
Hefei_006e_c,Hefei,006e_c,n,,,Cihui,c
Hefei_0079_m,Hefei,0079_m,y,,,Cihui,m
Hefei_0250_n,Hefei,0250_n,ɐ,,,Cihui,n
Hefei_0294_c,Hefei,0294_c,ʔ,,,Cihui,c
Hefei_0079_m,Hefei,0079_m,y,,,Cihui,m
Hefei_0259_n,Hefei,0259_n,ə,,,Cihui,n
Hefei_0294_c,Hefei,0294_c,ʔ,,,Cihui,c
Hefei_00b2-00b9-00b2_t/ip,Hefei,00b2-00b9-00b2_t/ip,²¹²,,,Cihui,t/ip
Hefei_2075-2075_t/ap,Hefei,2075-2075_t/ap,⁵⁵,,,Cihui,t/ap
Hefei_00b2-2074_t/s,Hefei,00b2-2074_t/s,²⁴,,,Cihui,t/s
Hefei_2075-00b3_t/q,Hefei,2075-00b3_t/q,⁵³,,,Cihui,t/q
Hefei_2074_t/r,Hefei,2074_t/r,⁴,,,Cihui,t/r
Hefei_2070_t,Hefei,2070_t,⁰,,,Cihui,t
Chengdu_0070_i,Chengdu,0070_i,p,,,Cihui,i
Chengdu_0070-2019_i,Chengdu,0070-2019_i,p’,,,Cihui,i
Chengdu_006d_i,Chengdu,006d_i,m,,,Cihui,i
Chengdu_0066_i,Chengdu,0066_i,f,,,Cihui,i
Chengdu_0076_i,Chengdu,0076_i,v,,,Cihui,i
Chengdu_0074_i,Chengdu,0074_i,t,,,Cihui,i
Chengdu_0074-2019_i,Chengdu,0074-2019_i,t’,,,Cihui,i
Chengdu_006c_i,Chengdu,006c_i,l,,,Cihui,i
Chengdu_0074-0073_i,Chengdu,0074-0073_i,ts,,,Cihui,i
Chengdu_0074-0073-2019_i,Chengdu,0074-0073-2019_i,ts’,,,Cihui,i
Chengdu_0073_i,Chengdu,0073_i,s,,,Cihui,i
Chengdu_007a_i,Chengdu,007a_i,z,,,Cihui,i
Chengdu_0074-0255_i,Chengdu,0074-0255_i,tɕ,,,Cihui,i
Chengdu_0074-0255-2019_i,Chengdu,0074-0255-2019_i,tɕ’,,,Cihui,i
Chengdu_0235_i,Chengdu,0235_i,ȵ,,,Cihui,i
Chengdu_0255_i,Chengdu,0255_i,ɕ,,,Cihui,i
Chengdu_006b_i,Chengdu,006b_i,k,,,Cihui,i
Chengdu_006b-2019_i,Chengdu,006b-2019_i,k’,,,Cihui,i
Chengdu_014b_i,Chengdu,014b_i,ŋ,,,Cihui,i
Chengdu_0078_i,Chengdu,0078_i,x,,,Cihui,i
Chengdu_027f_n,Chengdu,027f_n,ɿ,,,Cihui,n
Chengdu_025a_n,Chengdu,025a_n,ɚ,,,Cihui,n
Chengdu_0061_n,Chengdu,0061_n,a,,,Cihui,n
Chengdu_006f_n,Chengdu,006f_n,o,,,Cihui,n
Chengdu_0065_n,Chengdu,0065_n,e,,,Cihui,n
Chengdu_0061-0069_n,Chengdu,0061-0069_n,ai,,,Cihui,n
Chengdu_0065-0069_n,Chengdu,0065-0069_n,ei,,,Cihui,n
Chengdu_0061-0075_n,Chengdu,0061-0075_n,au,,,Cihui,n
Chengdu_0259-0075_n,Chengdu,0259-0075_n,əu,,,Cihui,n
Chengdu_0061_n,Chengdu,0061_n,a,,,Cihui,n
Chengdu_006e_c,Chengdu,006e_c,n,,,Cihui,c
Chengdu_0065_n,Chengdu,0065_n,e,,,Cihui,n
Chengdu_006e_c,Chengdu,006e_c,n,,,Cihui,c
Chengdu_0061_n,Chengdu,0061_n,a,,,Cihui,n
Chengdu_014b_c,Chengdu,014b_c,ŋ,,,Cihui,c
Chengdu_006f_n,Chengdu,006f_n,o,,,Cihui,n
Chengdu_014b_c,Chengdu,014b_c,ŋ,,,Cihui,c
Chengdu_0069_n,Chengdu,0069_n,i,,,Cihui,n
Chengdu_0069_m,Chengdu,0069_m,i,,,Cihui,m
Chengdu_0061_n,Chengdu,0061_n,a,,,Cihui,n
Chengdu_0069_m,Chengdu,0069_m,i,,,Cihui,m
Chengdu_0065_n,Chengdu,0065_n,e,,,Cihui,n
Chengdu_0069_m,Chengdu,0069_m,i,,,Cihui,m
Chengdu_0061-0069_n,Chengdu,0061-0069_n,ai,,,Cihui,n
Chengdu_0069_m,Chengdu,0069_m,i,,,Cihui,m
Chengdu_0061-0075_n,Chengdu,0061-0075_n,au,,,Cihui,n
Chengdu_0069_m,Chengdu,0069_m,i,,,Cihui,m
Chengdu_0259-0075_n,Chengdu,0259-0075_n,əu,,,Cihui,n
Chengdu_0069_m,Chengdu,0069_m,i,,,Cihui,m
Chengdu_0061_n,Chengdu,0061_n,a,,,Cihui,n
Chengdu_006e_c,Chengdu,006e_c,n,,,Cihui,c
Chengdu_0069_m,Chengdu,0069_m,i,,,Cihui,m
Chengdu_0061_n,Chengdu,0061_n,a,,,Cihui,n
Chengdu_006e_c,Chengdu,006e_c,n,,,Cihui,c
Chengdu_0069_m,Chengdu,0069_m,i,,,Cihui,m
Chengdu_0061_n,Chengdu,0061_n,a,,,Cihui,n
Chengdu_014b_c,Chengdu,014b_c,ŋ,,,Cihui,c
Chengdu_0075_n,Chengdu,0075_n,u,,,Cihui,n
Chengdu_0075_m,Chengdu,0075_m,u,,,Cihui,m
Chengdu_0061_n,Chengdu,0061_n,a,,,Cihui,n
Chengdu_0075_m,Chengdu,0075_m,u,,,Cihui,m
Chengdu_0065_n,Chengdu,0065_n,e,,,Cihui,n
Chengdu_0075_m,Chengdu,0075_m,u,,,Cihui,m
Chengdu_0061-0069_n,Chengdu,0061-0069_n,ai,,,Cihui,n
Chengdu_0075_m,Chengdu,0075_m,u,,,Cihui,m
Chengdu_0065-0069_n,Chengdu,0065-0069_n,ei,,,Cihui,n
Chengdu_0075_m,Chengdu,0075_m,u,,,Cihui,m
Chengdu_0061_n,Chengdu,0061_n,a,,,Cihui,n
Chengdu_006e_c,Chengdu,006e_c,n,,,Cihui,c
Chengdu_0075_m,Chengdu,0075_m,u,,,Cihui,m
Chengdu_0259_n,Chengdu,0259_n,ə,,,Cihui,n
Chengdu_006e_c,Chengdu,006e_c,n,,,Cihui,c
Chengdu_0075_m,Chengdu,0075_m,u,,,Cihui,m
Chengdu_0061_n,Chengdu,0061_n,a,,,Cihui,n
Chengdu_014b_c,Chengdu,014b_c,ŋ,,,Cihui,c
Chengdu_0079_n,Chengdu,0079_n,y,,,Cihui,n
Chengdu_0079_m,Chengdu,0079_m,y,,,Cihui,m
Chengdu_006f_n,Chengdu,006f_n,o,,,Cihui,n
Chengdu_0079_m,Chengdu,0079_m,y,,,Cihui,m
Chengdu_0065_n,Chengdu,0065_n,e,,,Cihui,n
Chengdu_0079_m,Chengdu,0079_m,y,,,Cihui,m
Chengdu_0061_n,Chengdu,0061_n,a,,,Cihui,n
Chengdu_006e_c,Chengdu,006e_c,n,,,Cihui,c
Chengdu_0079_n,Chengdu,0079_n,y,,,Cihui,n
Chengdu_006e_c,Chengdu,006e_c,n,,,Cihui,c
Chengdu_0079_m,Chengdu,0079_m,y,,,Cihui,m
Chengdu_006f_n,Chengdu,006f_n,o,,,Cihui,n
Chengdu_014b_c,Chengdu,014b_c,ŋ,,,Cihui,c
Chengdu_2074-2074_t/ip,Chengdu,2074-2074_t/ip,⁴⁴,,,Cihui,t/ip
Chengdu_00b3-00b9_t/ap,Chengdu,00b3-00b9_t/ap,³¹,,,Cihui,t/ap
Chengdu_2075-00b3_t/s,Chengdu,2075-00b3_t/s,⁵³,,,Cihui,t/s
Chengdu_00b9-00b3_t/q,Chengdu,00b9-00b3_t/q,¹³,,,Cihui,t/q
Suzhou_0070_i,Suzhou,0070_i,p,,,Cihui,i
Suzhou_0070-2019_i,Suzhou,0070-2019_i,p’,,,Cihui,i
Suzhou_0062_i,Suzhou,0062_i,b,,,Cihui,i
Suzhou_006d_i,Suzhou,006d_i,m,,,Cihui,i
Suzhou_0066_i,Suzhou,0066_i,f,,,Cihui,i
Suzhou_0076_i,Suzhou,0076_i,v,,,Cihui,i
Suzhou_0074_i,Suzhou,0074_i,t,,,Cihui,i
Suzhou_0074-2019_i,Suzhou,0074-2019_i,t’,,,Cihui,i
Suzhou_0064_i,Suzhou,0064_i,d,,,Cihui,i
Suzhou_006e_i,Suzhou,006e_i,n,,,Cihui,i
Suzhou_006c_i,Suzhou,006c_i,l,,,Cihui,i
Suzhou_0074-0073_i,Suzhou,0074-0073_i,ts,,,Cihui,i
Suzhou_0074-0073-2019_i,Suzhou,0074-0073-2019_i,ts’,,,Cihui,i
Suzhou_0073_i,Suzhou,0073_i,s,,,Cihui,i
Suzhou_007a_i,Suzhou,007a_i,z,,,Cihui,i
Suzhou_0074-0255_i,Suzhou,0074-0255_i,tɕ,,,Cihui,i
Suzhou_0074-0255-2019_i,Suzhou,0074-0255-2019_i,tɕ’,,,Cihui,i
Suzhou_0064-0291_i,Suzhou,0064-0291_i,dʑ,,,Cihui,i
Suzhou_0235_i,Suzhou,0235_i,ȵ,,,Cihui,i
Suzhou_0255_i,Suzhou,0255_i,ɕ,,,Cihui,i
Suzhou_006b_i,Suzhou,006b_i,k,,,Cihui,i
Suzhou_006b-2019_i,Suzhou,006b-2019_i,k’,,,Cihui,i
Suzhou_0067_i,Suzhou,0067_i,g,,,Cihui,i
Suzhou_014b_i,Suzhou,014b_i,ŋ,,,Cihui,i
Suzhou_0068_i,Suzhou,0068_i,h,,,Cihui,i
Suzhou_0266_i,Suzhou,0266_i,ɦ,,,Cihui,i
Suzhou_027f_n,Suzhou,027f_n,ɿ,,,Cihui,n
Suzhou_02ae_n,Suzhou,02ae_n,ʮ,,,Cihui,n
Suzhou_0252_n,Suzhou,0252_n,ɒ,,,Cihui,n
Suzhou_1d07_n,Suzhou,1d07_n,ᴇ,,,Cihui,n
Suzhou_00e6_n,Suzhou,00e6_n,æ,,,Cihui,n
Suzhou_006f_n,Suzhou,006f_n,o,,,Cihui,n
Suzhou_00f8_n,Suzhou,00f8_n,ø,,,Cihui,n
Suzhou_028f_n,Suzhou,028f_n,ʏ,,,Cihui,n
Suzhou_0259-0075_n,Suzhou,0259-0075_n,əu,,,Cihui,n
Suzhou_0259_n,Suzhou,0259_n,ə,,,Cihui,n
Suzhou_006e_c,Suzhou,006e_c,n,,,Cihui,c
Suzhou_0061_n,Suzhou,0061_n,a,,,Cihui,n
Suzhou_014b_c,Suzhou,014b_c,ŋ,,,Cihui,c
Suzhou_0252_n,Suzhou,0252_n,ɒ,,,Cihui,n
Suzhou_014b_c,Suzhou,014b_c,ŋ,,,Cihui,c
Suzhou_006f_n,Suzhou,006f_n,o,,,Cihui,n
Suzhou_014b_c,Suzhou,014b_c,ŋ,,,Cihui,c
Suzhou_0252_n,Suzhou,0252_n,ɒ,,,Cihui,n
Suzhou_0294_c,Suzhou,0294_c,ʔ,,,Cihui,c
Suzhou_0061_n,Suzhou,0061_n,a,,,Cihui,n
Suzhou_0294_c,Suzhou,0294_c,ʔ,,,Cihui,c
Suzhou_0264_n,Suzhou,0264_n,ɤ,,,Cihui,n
Suzhou_0294_c,Suzhou,0294_c,ʔ,,,Cihui,c
Suzhou_006f_n,Suzhou,006f_n,o,,,Cihui,n
Suzhou_0294_c,Suzhou,0294_c,ʔ,,,Cihui,c
Suzhou_0069_n,Suzhou,0069_n,i,,,Cihui,n
Suzhou_0069_m,Suzhou,0069_m,i,,,Cihui,m
Suzhou_0252_n,Suzhou,0252_n,ɒ,,,Cihui,n
Suzhou_0069_m,Suzhou,0069_m,i,,,Cihui,m
Suzhou_00e6_n,Suzhou,00e6_n,æ,,,Cihui,n
Suzhou_0069_m,Suzhou,0069_m,i,,,Cihui,m
Suzhou_006f_n,Suzhou,006f_n,o,,,Cihui,n
Suzhou_0069_m,Suzhou,0069_m,i,,,Cihui,m
Suzhou_00f8_n,Suzhou,00f8_n,ø,,,Cihui,n
Suzhou_0069_m,Suzhou,0069_m,i,,,Cihui,m
Suzhou_026a_n,Suzhou,026a_n,ɪ,,,Cihui,n
Suzhou_0069_m,Suzhou,0069_m,i,,,Cihui,m
Suzhou_028f_n,Suzhou,028f_n,ʏ,,,Cihui,n
Suzhou_0069_n,Suzhou,0069_n,i,,,Cihui,n
Suzhou_006e_c,Suzhou,006e_c,n,,,Cihui,c
Suzhou_0069_m,Suzhou,0069_m,i,,,Cihui,m
Suzhou_0061_n,Suzhou,0061_n,a,,,Cihui,n
Suzhou_014b_c,Suzhou,014b_c,ŋ,,,Cihui,c
Suzhou_0069_m,Suzhou,0069_m,i,,,Cihui,m
Suzhou_0252_n,Suzhou,0252_n,ɒ,,,Cihui,n
Suzhou_014b_c,Suzhou,014b_c,ŋ,,,Cihui,c
Suzhou_0069_m,Suzhou,0069_m,i,,,Cihui,m
Suzhou_006f_n,Suzhou,006f_n,o,,,Cihui,n
Suzhou_014b_c,Suzhou,014b_c,ŋ,,,Cihui,c
Suzhou_0069_m,Suzhou,0069_m,i,,,Cihui,m
Suzhou_0252_n,Suzhou,0252_n,ɒ,,,Cihui,n
Suzhou_0294_c,Suzhou,0294_c,ʔ,,,Cihui,c
Suzhou_0069_m,Suzhou,0069_m,i,,,Cihui,m
Suzhou_0061_n,Suzhou,0061_n,a,,,Cihui,n
Suzhou_0294_c,Suzhou,0294_c,ʔ,,,Cihui,c
Suzhou_0069_m,Suzhou,0069_m,i,,,Cihui,m
Suzhou_006f_n,Suzhou,006f_n,o,,,Cihui,n
Suzhou_0294_c,Suzhou,0294_c,ʔ,,,Cihui,c
Suzhou_0069_m,Suzhou,0069_m,i,,,Cihui,m
Suzhou_026a_n,Suzhou,026a_n,ɪ,,,Cihui,n
Suzhou_0294_c,Suzhou,0294_c,ʔ,,,Cihui,c
Suzhou_0075_m,Suzhou,0075_m,u,,,Cihui,m
Suzhou_0075_m,Suzhou,0075_m,u,,,Cihui,m
Suzhou_0252_n,Suzhou,0252_n,ɒ,,,Cihui,n
Suzhou_0075_m,Suzhou,0075_m,u,,,Cihui,m
Suzhou_1d07_n,Suzhou,1d07_n,ᴇ,,,Cihui,n
Suzhou_0075_m,Suzhou,0075_m,u,,,Cihui,m
Suzhou_00f8_n,Suzhou,00f8_n,ø,,,Cihui,n
Suzhou_0075_m,Suzhou,0075_m,u,,,Cihui,m
Suzhou_0259_n,Suzhou,0259_n,ə,,,Cihui,n
Suzhou_006e_c,Suzhou,006e_c,n,,,Cihui,c
Suzhou_0075_m,Suzhou,0075_m,u,,,Cihui,m
Suzhou_0061_n,Suzhou,0061_n,a,,,Cihui,n
Suzhou_014b_c,Suzhou,014b_c,ŋ,,,Cihui,c
Suzhou_0075_m,Suzhou,0075_m,u,,,Cihui,m
Suzhou_0252_n,Suzhou,0252_n,ɒ,,,Cihui,n
Suzhou_014b_c,Suzhou,014b_c,ŋ,,,Cihui,c
Suzhou_0075_m,Suzhou,0075_m,u,,,Cihui,m
Suzhou_0061_n,Suzhou,0061_n,a,,,Cihui,n
Suzhou_0294_c,Suzhou,0294_c,ʔ,,,Cihui,c
Suzhou_0075_m,Suzhou,0075_m,u,,,Cihui,m
Suzhou_0264_n,Suzhou,0264_n,ɤ,,,Cihui,n
Suzhou_0294_c,Suzhou,0294_c,ʔ,,,Cihui,c
Suzhou_0079_n,Suzhou,0079_n,y,,,Cihui,n
Suzhou_0079_m,Suzhou,0079_m,y,,,Cihui,m
Suzhou_0259_n,Suzhou,0259_n,ə,,,Cihui,n
Suzhou_006e_c,Suzhou,006e_c,n,,,Cihui,c
Suzhou_0079_m,Suzhou,0079_m,y,,,Cihui,m
Suzhou_0061_n,Suzhou,0061_n,a,,,Cihui,n
Suzhou_0294_c,Suzhou,0294_c,ʔ,,,Cihui,c
Suzhou_0079_m,Suzhou,0079_m,y,,,Cihui,m
Suzhou_0264_n,Suzhou,0264_n,ɤ,,,Cihui,n
Suzhou_0294_c,Suzhou,0294_c,ʔ,,,Cihui,c
Suzhou_006c-0329_n,Suzhou,006c-0329_n,l̩,,,Cihui,n
Suzhou_006d-0329_n,Suzhou,006d-0329_n,m̩,,,Cihui,n
Suzhou_006e-0329_n,Suzhou,006e-0329_n,n̩,,,Cihui,n
Suzhou_014b-030d_n,Suzhou,014b-030d_n,ŋ̍,,,Cihui,n
Suzhou_2074-2074_t/ip,Suzhou,2074-2074_t/ip,⁴⁴,,,Cihui,t/ip
Suzhou_00b2-2074_t/ap,Suzhou,00b2-2074_t/ap,²⁴,,,Cihui,t/ap
Suzhou_2074-00b9_t/s,Suzhou,2074-00b9_t/s,⁴¹,,,Cihui,t/s
Suzhou_2075-00b9-00b3_t/iq,Suzhou,2075-00b9-00b3_t/iq,⁵¹³,,,Cihui,t/iq
Suzhou_00b3-00b9_t/aq,Suzhou,00b3-00b9_t/aq,³¹,,,Cihui,t/aq
Suzhou_2074_t/ir,Suzhou,2074_t/ir,⁴,,,Cihui,t/ir
Suzhou_00b2-00b3_t/ar,Suzhou,00b2-00b3_t/ar,²³,,,Cihui,t/ar
Kunming_0070_i,Kunming,0070_i,p,,,Cihui,i
Kunming_0070-2019_i,Kunming,0070-2019_i,p’,,,Cihui,i
Kunming_006d_i,Kunming,006d_i,m,,,Cihui,i
Kunming_0066_i,Kunming,0066_i,f,,,Cihui,i
Kunming_0074_i,Kunming,0074_i,t,,,Cihui,i
Kunming_0074-2019_i,Kunming,0074-2019_i,t’,,,Cihui,i
Kunming_006e_i,Kunming,006e_i,n,,,Cihui,i
Kunming_006c_i,Kunming,006c_i,l,,,Cihui,i
Kunming_0074-0073_i,Kunming,0074-0073_i,ts,,,Cihui,i
Kunming_0074-0073-2019_i,Kunming,0074-0073-2019_i,ts’,,,Cihui,i
Kunming_0073_i,Kunming,0073_i,s,,,Cihui,i
Kunming_0074-0282_i,Kunming,0074-0282_i,tʂ,,,Cihui,i
Kunming_0074-0282-2019_i,Kunming,0074-0282-2019_i,tʂ’,,,Cihui,i
Kunming_0282_i,Kunming,0282_i,ʂ,,,Cihui,i
Kunming_0290_i,Kunming,0290_i,ʐ,,,Cihui,i
Kunming_0074-0255_i,Kunming,0074-0255_i,tɕ,,,Cihui,i
Kunming_0074-0255-2019_i,Kunming,0074-0255-2019_i,tɕ’,,,Cihui,i
Kunming_0255_i,Kunming,0255_i,ɕ,,,Cihui,i
Kunming_006b_i,Kunming,006b_i,k,,,Cihui,i
Kunming_006b-2019_i,Kunming,006b-2019_i,k’,,,Cihui,i
Kunming_0078_i,Kunming,0078_i,x,,,Cihui,i
Kunming_027f_n,Kunming,027f_n,ɿ,,,Cihui,n
Kunming_0285_n,Kunming,0285_n,ʅ,,,Cihui,n
Kunming_0061_n,Kunming,0061_n,a,,,Cihui,n
Kunming_025b_n,Kunming,025b_n,ɛ,,,Cihui,n
Kunming_0065_n,Kunming,0065_n,e,,,Cihui,n
Kunming_006f_n,Kunming,006f_n,o,,,Cihui,n
Kunming_0259_n,Kunming,0259_n,ə,,,Cihui,n
Kunming_0061-0075_n,Kunming,0061-0075_n,au,,,Cihui,n
Kunming_0259-0075_n,Kunming,0259-0075_n,əu,,,Cihui,n
Kunming_00e3_n,Kunming,00e3_n,ã,,,Cihui,n
Kunming_0259-0303_n,Kunming,0259-0303_n,ə̃,,,Cihui,n
Kunming_006f_n,Kunming,006f_n,o,,,Cihui,n
Kunming_014b_c,Kunming,014b_c,ŋ,,,Cihui,c
Kunming_0069_n,Kunming,0069_n,i,,,Cihui,n
Kunming_0069_m,Kunming,0069_m,i,,,Cihui,m
Kunming_0061_n,Kunming,0061_n,a,,,Cihui,n
Kunming_0069_m,Kunming,0069_m,i,,,Cihui,m
Kunming_025b_n,Kunming,025b_n,ɛ,,,Cihui,n
Kunming_0069_m,Kunming,0069_m,i,,,Cihui,m
Kunming_0065_n,Kunming,0065_n,e,,,Cihui,n
Kunming_0069_m,Kunming,0069_m,i,,,Cihui,m
Kunming_006f_n,Kunming,006f_n,o,,,Cihui,n
Kunming_0069_m,Kunming,0069_m,i,,,Cihui,m
Kunming_0061-0075_n,Kunming,0061-0075_n,au,,,Cihui,n
Kunming_0069_n,Kunming,0069_n,i,,,Cihui,n
Kunming_00e3_m,Kunming,00e3_m,ã,,,Cihui,m
Kunming_0129_n,Kunming,0129_n,ĩ,,,Cihui,n
Kunming_0069_m,Kunming,0069_m,i,,,Cihui,m
Kunming_006f_n,Kunming,006f_n,o,,,Cihui,n
Kunming_014b_c,Kunming,014b_c,ŋ,,,Cihui,c
Kunming_0075_n,Kunming,0075_n,u,,,Cihui,n
Kunming_0075_m,Kunming,0075_m,u,,,Cihui,m
Kunming_0061_n,Kunming,0061_n,a,,,Cihui,n
Kunming_0075_m,Kunming,0075_m,u,,,Cihui,m
Kunming_025b_n,Kunming,025b_n,ɛ,,,Cihui,n
Kunming_0075_m,Kunming,0075_m,u,,,Cihui,m
Kunming_0065_n,Kunming,0065_n,e,,,Cihui,n
Kunming_0075_m,Kunming,0075_m,u,,,Cihui,m
Kunming_006f_n,Kunming,006f_n,o,,,Cihui,n
Kunming_0075_m,Kunming,0075_m,u,,,Cihui,m
Kunming_00e3_n,Kunming,00e3_n,ã,,,Cihui,n
Kunming_0075_m,Kunming,0075_m,u,,,Cihui,m
Kunming_0259-0303_n,Kunming,0259-0303_n,ə̃,,,Cihui,n
Kunming_2074-2074_t/ip,Kunming,2074-2074_t/ip,⁴⁴,,,Cihui,t/ip
Kunming_00b3-00b9_t/ap,Kunming,00b3-00b9_t/ap,³¹,,,Cihui,t/ap
Kunming_2075-00b3_t/s,Kunming,2075-00b3_t/s,⁵³,,,Cihui,t/s
Kunming_00b9-00b3_t/q,Kunming,00b9-00b3_t/q,¹³,,,Cihui,t/q
Nanchang_0070_i,Nanchang,0070_i,p,,,Cihui,i
Nanchang_0070-2019_i,Nanchang,0070-2019_i,p’,,,Cihui,i
Nanchang_006d_i,Nanchang,006d_i,m,,,Cihui,i
Nanchang_0066_i,Nanchang,0066_i,f,,,Cihui,i
Nanchang_0074_i,Nanchang,0074_i,t,,,Cihui,i
Nanchang_0074-2019_i,Nanchang,0074-2019_i,t’,,,Cihui,i
Nanchang_006c_i,Nanchang,006c_i,l,,,Cihui,i
Nanchang_0074-0073_i,Nanchang,0074-0073_i,ts,,,Cihui,i
Nanchang_0074-0073-2019_i,Nanchang,0074-0073-2019_i,ts’,,,Cihui,i
Nanchang_0073_i,Nanchang,0073_i,s,,,Cihui,i
Nanchang_0074-0255_i,Nanchang,0074-0255_i,tɕ,,,Cihui,i
Nanchang_0074-0255-2019_i,Nanchang,0074-0255-2019_i,tɕ’,,,Cihui,i
Nanchang_0235_i,Nanchang,0235_i,ȵ,,,Cihui,i
Nanchang_0255_i,Nanchang,0255_i,ɕ,,,Cihui,i
Nanchang_006b_i,Nanchang,006b_i,k,,,Cihui,i
Nanchang_006b-2019_i,Nanchang,006b-2019_i,k’,,,Cihui,i
Nanchang_014b_i,Nanchang,014b_i,ŋ,,,Cihui,i
Nanchang_0068_i,Nanchang,0068_i,h,,,Cihui,i
Nanchang_027f_n,Nanchang,027f_n,ɿ,,,Cihui,n
Nanchang_0061_n,Nanchang,0061_n,a,,,Cihui,n
Nanchang_025b_n,Nanchang,025b_n,ɛ,,,Cihui,n
Nanchang_0254_n,Nanchang,0254_n,ɔ,,,Cihui,n
Nanchang_0259_n,Nanchang,0259_n,ə,,,Cihui,n
Nanchang_0061-0069_n,Nanchang,0061-0069_n,ai,,,Cihui,n
Nanchang_0065-0069_n,Nanchang,0065-0069_n,ei,,,Cihui,n
Nanchang_0061-0075_n,Nanchang,0061-0075_n,au,,,Cihui,n
Nanchang_025b-0075_n,Nanchang,025b-0075_n,ɛu,,,Cihui,n
Nanchang_0259-0075_n,Nanchang,0259-0075_n,əu,,,Cihui,n
Nanchang_0069_n,Nanchang,0069_n,i,,,Cihui,n
Nanchang_0069_m,Nanchang,0069_m,i,,,Cihui,m
Nanchang_0061_n,Nanchang,0061_n,a,,,Cihui,n
Nanchang_0069_m,Nanchang,0069_m,i,,,Cihui,m
Nanchang_025b_n,Nanchang,025b_n,ɛ,,,Cihui,n
Nanchang_0069_m,Nanchang,0069_m,i,,,Cihui,m
Nanchang_025b-0075_n,Nanchang,025b-0075_n,ɛu,,,Cihui,n
Nanchang_0069_m,Nanchang,0069_m,i,,,Cihui,m
Nanchang_0075_n,Nanchang,0075_n,u,,,Cihui,n
Nanchang_0075_n,Nanchang,0075_n,u,,,Cihui,n
Nanchang_0075_m,Nanchang,0075_m,u,,,Cihui,m
Nanchang_0061_n,Nanchang,0061_n,a,,,Cihui,n
Nanchang_0075_m,Nanchang,0075_m,u,,,Cihui,m
Nanchang_0254_n,Nanchang,0254_n,ɔ,,,Cihui,n
Nanchang_0075_m,Nanchang,0075_m,u,,,Cihui,m
Nanchang_0061-0069_n,Nanchang,0061-0069_n,ai,,,Cihui,n
Nanchang_0075_m,Nanchang,0075_m,u,,,Cihui,m
Nanchang_0069_n,Nanchang,0069_n,i,,,Cihui,n
Nanchang_0079_n,Nanchang,0079_n,y,,,Cihui,n
Nanchang_0079_m,Nanchang,0079_m,y,,,Cihui,m
Nanchang_006f_n,Nanchang,006f_n,o,,,Cihui,n
Nanchang_0061_n,Nanchang,0061_n,a,,,Cihui,n
Nanchang_006e_c,Nanchang,006e_c,n,,,Cihui,c
Nanchang_025b_n,Nanchang,025b_n,ɛ,,,Cihui,n
Nanchang_006e_c,Nanchang,006e_c,n,,,Cihui,c
Nanchang_0254_n,Nanchang,0254_n,ɔ,,,Cihui,n
Nanchang_006e_c,Nanchang,006e_c,n,,,Cihui,c
Nanchang_025b_n,Nanchang,025b_n,ɛ,,,Cihui,n
Nanchang_006e_c,Nanchang,006e_c,n,,,Cihui,c
Nanchang_0061_n,Nanchang,0061_n,a,,,Cihui,n
Nanchang_014b_c,Nanchang,014b_c,ŋ,,,Cihui,c
Nanchang_006f_n,Nanchang,006f_n,o,,,Cihui,n
Nanchang_014b_c,Nanchang,014b_c,ŋ,,,Cihui,c
Nanchang_0061_n,Nanchang,0061_n,a,,,Cihui,n
Nanchang_0074_c,Nanchang,0074_c,t,,,Cihui,c
Nanchang_025b_n,Nanchang,025b_n,ɛ,,,Cihui,n
Nanchang_0074_c,Nanchang,0074_c,t,,,Cihui,c
Nanchang_0254_n,Nanchang,0254_n,ɔ,,,Cihui,n
Nanchang_0074_c,Nanchang,0074_c,t,,,Cihui,c
Nanchang_0259_n,Nanchang,0259_n,ə,,,Cihui,n
Nanchang_0074_c,Nanchang,0074_c,t,,,Cihui,c
Nanchang_0061_n,Nanchang,0061_n,a,,,Cihui,n
Nanchang_006b_c,Nanchang,006b_c,k,,,Cihui,c
Nanchang_0254_n,Nanchang,0254_n,ɔ,,,Cihui,n
Nanchang_006b_c,Nanchang,006b_c,k,,,Cihui,c
Nanchang_0069_m,Nanchang,0069_m,i,,,Cihui,m
Nanchang_025b_n,Nanchang,025b_n,ɛ,,,Cihui,n
Nanchang_006e_c,Nanchang,006e_c,n,,,Cihui,c
Nanchang_0069_n,Nanchang,0069_n,i,,,Cihui,n
Nanchang_006e_c,Nanchang,006e_c,n,,,Cihui,c
Nanchang_0069_m,Nanchang,0069_m,i,,,Cihui,m
Nanchang_0061_n,Nanchang,0061_n,a,,,Cihui,n
Nanchang_014b_c,Nanchang,014b_c,ŋ,,,Cihui,c
Nanchang_0069_n,Nanchang,0069_n,i,,,Cihui,n
Nanchang_014b_c,Nanchang,014b_c,ŋ,,,Cihui,c
Nanchang_0069_m,Nanchang,0069_m,i,,,Cihui,m
Nanchang_0075_n,Nanchang,0075_n,u,,,Cihui,n
Nanchang_014b_c,Nanchang,014b_c,ŋ,,,Cihui,c
Nanchang_0069_m,Nanchang,0069_m,i,,,Cihui,m
Nanchang_025b_n,Nanchang,025b_n,ɛ,,,Cihui,n
Nanchang_0074_c,Nanchang,0074_c,t,,,Cihui,c
Nanchang_0069_n,Nanchang,0069_n,i,,,Cihui,n
Nanchang_0074_c,Nanchang,0074_c,t,,,Cihui,c
Nanchang_0069_m,Nanchang,0069_m,i,,,Cihui,m
Nanchang_0061_n,Nanchang,0061_n,a,,,Cihui,n
Nanchang_006b_c,Nanchang,006b_c,k,,,Cihui,c
Nanchang_0069_m,Nanchang,0069_m,i,,,Cihui,m
Nanchang_0254_n,Nanchang,0254_n,ɔ,,,Cihui,n
Nanchang_006b_c,Nanchang,006b_c,k,,,Cihui,c
Nanchang_0069_m,Nanchang,0069_m,i,,,Cihui,m
Nanchang_0075_n,Nanchang,0075_n,u,,,Cihui,n
Nanchang_006b_c,Nanchang,006b_c,k,,,Cihui,c
Nanchang_0075_m,Nanchang,0075_m,u,,,Cihui,m
Nanchang_0061_n,Nanchang,0061_n,a,,,Cihui,n
Nanchang_006e_c,Nanchang,006e_c,n,,,Cihui,c
Nanchang_0075_m,Nanchang,0075_m,u,,,Cihui,m
Nanchang_0254_n,Nanchang,0254_n,ɔ,,,Cihui,n
Nanchang_006e_c,Nanchang,006e_c,n,,,Cihui,c
Nanchang_0075_n,Nanchang,0075_n,u,,,Cihui,n
Nanchang_006e_c,Nanchang,006e_c,n,,,Cihui,c
Nanchang_0075_m,Nanchang,0075_m,u,,,Cihui,m
Nanchang_0061_n,Nanchang,0061_n,a,,,Cihui,n
Nanchang_014b_c,Nanchang,014b_c,ŋ,,,Cihui,c
Nanchang_0075_m,Nanchang,0075_m,u,,,Cihui,m
Nanchang_0254_n,Nanchang,0254_n,ɔ,,,Cihui,n
Nanchang_014b_c,Nanchang,014b_c,ŋ,,,Cihui,c
Nanchang_0075_n,Nanchang,0075_n,u,,,Cihui,n
Nanchang_014b_c,Nanchang,014b_c,ŋ,,,Cihui,c
Nanchang_0075_m,Nanchang,0075_m,u,,,Cihui,m
Nanchang_0061_n,Nanchang,0061_n,a,,,Cihui,n
Nanchang_0074_c,Nanchang,0074_c,t,,,Cihui,c
Nanchang_0075_m,Nanchang,0075_m,u,,,Cihui,m
Nanchang_025b_n,Nanchang,025b_n,ɛ,,,Cihui,n
Nanchang_0074_c,Nanchang,0074_c,t,,,Cihui,c
Nanchang_0075_m,Nanchang,0075_m,u,,,Cihui,m
Nanchang_0254_n,Nanchang,0254_n,ɔ,,,Cihui,n
Nanchang_0074_c,Nanchang,0074_c,t,,,Cihui,c
Nanchang_0075_n,Nanchang,0075_n,u,,,Cihui,n
Nanchang_0074_c,Nanchang,0074_c,t,,,Cihui,c
Nanchang_0075_m,Nanchang,0075_m,u,,,Cihui,m
Nanchang_0254_n,Nanchang,0254_n,ɔ,,,Cihui,n
Nanchang_006b_c,Nanchang,006b_c,k,,,Cihui,c
Nanchang_0075_n,Nanchang,0075_n,u,,,Cihui,n
Nanchang_006b_c,Nanchang,006b_c,k,,,Cihui,c
Nanchang_0079_m,Nanchang,0079_m,y,,,Cihui,m
Nanchang_0254_n,Nanchang,0254_n,ɔ,,,Cihui,n
Nanchang_006e_c,Nanchang,006e_c,n,,,Cihui,c
Nanchang_0079_n,Nanchang,0079_n,y,,,Cihui,n
Nanchang_006e_c,Nanchang,006e_c,n,,,Cihui,c
Nanchang_0079_m,Nanchang,0079_m,y,,,Cihui,m
Nanchang_0254_n,Nanchang,0254_n,ɔ,,,Cihui,n
Nanchang_0074_c,Nanchang,0074_c,t,,,Cihui,c
Nanchang_0079_n,Nanchang,0079_n,y,,,Cihui,n
Nanchang_0074_c,Nanchang,0074_c,t,,,Cihui,c
Nanchang_006d-0329_n,Nanchang,006d-0329_n,m̩,,,Cihui,n
Nanchang_006e-0329_n,Nanchang,006e-0329_n,n̩,,,Cihui,n
Nanchang_014b-030d_n,Nanchang,014b-030d_n,ŋ̍,,,Cihui,n
Nanchang_2074-00b2_t/ip,Nanchang,2074-00b2_t/ip,⁴²,,,Cihui,t/ip
Nanchang_00b2-2074_t/ap,Nanchang,00b2-2074_t/ap,²⁴,,,Cihui,t/ap
Nanchang_00b2-00b9-00b3_t/s,Nanchang,00b2-00b9-00b3_t/s,²¹³,,,Cihui,t/s
Nanchang_2075-2075_t/iq,Nanchang,2075-2075_t/iq,⁵⁵,,,Cihui,t/iq
Nanchang_2075_t/r,Nanchang,2075_t/r,⁵,,,Cihui,t/r
Nanchang_2070_t,Nanchang,2070_t,⁰,,,Cihui,t
Fuzhou_0070_i,Fuzhou,0070_i,p,,,Cihui,i
Fuzhou_0070-2019_i,Fuzhou,0070-2019_i,p’,,,Cihui,i
Fuzhou_006d_i,Fuzhou,006d_i,m,,,Cihui,i
Fuzhou_0074_i,Fuzhou,0074_i,t,,,Cihui,i
Fuzhou_0074-2019_i,Fuzhou,0074-2019_i,t’,,,Cihui,i
Fuzhou_006e_i,Fuzhou,006e_i,n,,,Cihui,i
Fuzhou_006c_i,Fuzhou,006c_i,l,,,Cihui,i
Fuzhou_0074-0073_i,Fuzhou,0074-0073_i,ts,,,Cihui,i
Fuzhou_0074-0073-2019_i,Fuzhou,0074-0073-2019_i,ts’,,,Cihui,i
Fuzhou_0073_i,Fuzhou,0073_i,s,,,Cihui,i
Fuzhou_006b_i,Fuzhou,006b_i,k,,,Cihui,i
Fuzhou_006b-2019_i,Fuzhou,006b-2019_i,k’,,,Cihui,i
Fuzhou_014b_i,Fuzhou,014b_i,ŋ,,,Cihui,i
Fuzhou_0078_i,Fuzhou,0078_i,x,,,Cihui,i
Fuzhou_0061_n,Fuzhou,0061_n,a,,,Cihui,n
Fuzhou_025b_n,Fuzhou,025b_n,ɛ,,,Cihui,n
Fuzhou_0254_n,Fuzhou,0254_n,ɔ,,,Cihui,n
Fuzhou_0153_n,Fuzhou,0153_n,œ,,,Cihui,n
Fuzhou_0061-0069_n,Fuzhou,0061-0069_n,ai,,,Cihui,n
Fuzhou_0065-0075_n,Fuzhou,0065-0075_n,eu,,,Cihui,n
Fuzhou_0061-0075_n,Fuzhou,0061-0075_n,au,,,Cihui,n
Fuzhou_0069_m,Fuzhou,0069_m,i,,,Cihui,m
Fuzhou_0061_n,Fuzhou,0061_n,a,,,Cihui,n
Fuzhou_0069_n,Fuzhou,0069_n,i,,,Cihui,n
Fuzhou_0069_m,Fuzhou,0069_m,i,,,Cihui,m
Fuzhou_0065_n,Fuzhou,0065_n,e,,,Cihui,n
Fuzhou_0069_m,Fuzhou,0069_m,i,,,Cihui,m
Fuzhou_0075_n,Fuzhou,0075_n,u,,,Cihui,n
Fuzhou_0075_m,Fuzhou,0075_m,u,,,Cihui,m
Fuzhou_0061_n,Fuzhou,0061_n,a,,,Cihui,n
Fuzhou_006f-0075_n,Fuzhou,006f-0075_n,ou,,,Cihui,n
Fuzhou_0075_m,Fuzhou,0075_m,u,,,Cihui,m
Fuzhou_0254_n,Fuzhou,0254_n,ɔ,,,Cihui,n
Fuzhou_0075_m,Fuzhou,0075_m,u,,,Cihui,m
Fuzhou_0069_n,Fuzhou,0069_n,i,,,Cihui,n
Fuzhou_0075_m,Fuzhou,0075_m,u,,,Cihui,m
Fuzhou_0061-0069_n,Fuzhou,0061-0069_n,ai,,,Cihui,n
Fuzhou_0079_n,Fuzhou,0079_n,y,,,Cihui,n
Fuzhou_00f8-0079_n,Fuzhou,00f8-0079_n,øy,,,Cihui,n
Fuzhou_0079_m,Fuzhou,0079_m,y,,,Cihui,m
Fuzhou_006f_n,Fuzhou,006f_n,o,,,Cihui,n
Fuzhou_0061_n,Fuzhou,0061_n,a,,,Cihui,n
Fuzhou_014b_c,Fuzhou,014b_c,ŋ,,,Cihui,c
Fuzhou_0061_n,Fuzhou,0061_n,a,,,Cihui,n
Fuzhou_0294_c,Fuzhou,0294_c,ʔ,,,Cihui,c
Fuzhou_025b_n,Fuzhou,025b_n,ɛ,,,Cihui,n
Fuzhou_0294_c,Fuzhou,0294_c,ʔ,,,Cihui,c
Fuzhou_006f_n,Fuzhou,006f_n,o,,,Cihui,n
Fuzhou_0294_c,Fuzhou,0294_c,ʔ,,,Cihui,c
Fuzhou_0153_n,Fuzhou,0153_n,œ,,,Cihui,n
Fuzhou_0294_c,Fuzhou,0294_c,ʔ,,,Cihui,c
Fuzhou_0069_m,Fuzhou,0069_m,i,,,Cihui,m
Fuzhou_0061_n,Fuzhou,0061_n,a,,,Cihui,n
Fuzhou_014b_c,Fuzhou,014b_c,ŋ,,,Cihui,c
Fuzhou_0069_n,Fuzhou,0069_n,i,,,Cihui,n
Fuzhou_014b_c,Fuzhou,014b_c,ŋ,,,Cihui,c
Fuzhou_0065-0069_n,Fuzhou,0065-0069_n,ei,,,Cihui,n
Fuzhou_014b_c,Fuzhou,014b_c,ŋ,,,Cihui,c
Fuzhou_0069_m,Fuzhou,0069_m,i,,,Cihui,m
Fuzhou_0065_n,Fuzhou,0065_n,e,,,Cihui,n
Fuzhou_014b_c,Fuzhou,014b_c,ŋ,,,Cihui,c
Fuzhou_0069_m,Fuzhou,0069_m,i,,,Cihui,m
Fuzhou_0061_n,Fuzhou,0061_n,a,,,Cihui,n
Fuzhou_0294_c,Fuzhou,0294_c,ʔ,,,Cihui,c
Fuzhou_0069_n,Fuzhou,0069_n,i,,,Cihui,n
Fuzhou_0294_c,Fuzhou,0294_c,ʔ,,,Cihui,c
Fuzhou_0065-0069_n,Fuzhou,0065-0069_n,ei,,,Cihui,n
Fuzhou_0294_c,Fuzhou,0294_c,ʔ,,,Cihui,c
Fuzhou_0069_m,Fuzhou,0069_m,i,,,Cihui,m
Fuzhou_0065_n,Fuzhou,0065_n,e,,,Cihui,n
Fuzhou_0294_c,Fuzhou,0294_c,ʔ,,,Cihui,c
Fuzhou_0075_m,Fuzhou,0075_m,u,,,Cihui,m
Fuzhou_0061_n,Fuzhou,0061_n,a,,,Cihui,n
Fuzhou_014b_c,Fuzhou,014b_c,ŋ,,,Cihui,c
Fuzhou_0075_n,Fuzhou,0075_n,u,,,Cihui,n
Fuzhou_014b_c,Fuzhou,014b_c,ŋ,,,Cihui,c
Fuzhou_006f-0075_n,Fuzhou,006f-0075_n,ou,,,Cihui,n
Fuzhou_014b_c,Fuzhou,014b_c,ŋ,,,Cihui,c
Fuzhou_0075_m,Fuzhou,0075_m,u,,,Cihui,m
Fuzhou_0254_n,Fuzhou,0254_n,ɔ,,,Cihui,n
Fuzhou_014b_c,Fuzhou,014b_c,ŋ,,,Cihui,c
Fuzhou_0075_m,Fuzhou,0075_m,u,,,Cihui,m
Fuzhou_0061_n,Fuzhou,0061_n,a,,,Cihui,n
Fuzhou_0294_c,Fuzhou,0294_c,ʔ,,,Cihui,c
Fuzhou_0075_n,Fuzhou,0075_n,u,,,Cihui,n
Fuzhou_0294_c,Fuzhou,0294_c,ʔ,,,Cihui,c
Fuzhou_006f-0075_n,Fuzhou,006f-0075_n,ou,,,Cihui,n
Fuzhou_0294_c,Fuzhou,0294_c,ʔ,,,Cihui,c
Fuzhou_0075_m,Fuzhou,0075_m,u,,,Cihui,m
Fuzhou_006f_n,Fuzhou,006f_n,o,,,Cihui,n
Fuzhou_0294_c,Fuzhou,0294_c,ʔ,,,Cihui,c
Fuzhou_0079_n,Fuzhou,0079_n,y,,,Cihui,n
Fuzhou_014b_c,Fuzhou,014b_c,ŋ,,,Cihui,c
Fuzhou_00f8-0079_n,Fuzhou,00f8-0079_n,øy,,,Cihui,n
Fuzhou_014b_c,Fuzhou,014b_c,ŋ,,,Cihui,c
Fuzhou_0079_m,Fuzhou,0079_m,y,,,Cihui,m
Fuzhou_006f_n,Fuzhou,006f_n,o,,,Cihui,n
Fuzhou_014b_c,Fuzhou,014b_c,ŋ,,,Cihui,c
Fuzhou_0079_n,Fuzhou,0079_n,y,,,Cihui,n
Fuzhou_0294_c,Fuzhou,0294_c,ʔ,,,Cihui,c
Fuzhou_00f8-0079_n,Fuzhou,00f8-0079_n,øy,,,Cihui,n
Fuzhou_0294_c,Fuzhou,0294_c,ʔ,,,Cihui,c
Fuzhou_0079_m,Fuzhou,0079_m,y,,,Cihui,m
Fuzhou_006f_n,Fuzhou,006f_n,o,,,Cihui,n
Fuzhou_0294_c,Fuzhou,0294_c,ʔ,,,Cihui,c
Fuzhou_006d-0329_n,Fuzhou,006d-0329_n,m̩,,,Cihui,n
Fuzhou_014b-030d_n,Fuzhou,014b-030d_n,ŋ̍,,,Cihui,n
Fuzhou_2074-2074_t/ip,Fuzhou,2074-2074_t/ip,⁴⁴,,,Cihui,t/ip
Fuzhou_2075-00b2_t/ap,Fuzhou,2075-00b2_t/ap,⁵²,,,Cihui,t/ap
Fuzhou_00b3-00b9_t/s,Fuzhou,00b3-00b9_t/s,³¹,,,Cihui,t/s
Fuzhou_00b2-00b9-00b3_t/ir,Fuzhou,00b2-00b9-00b3_t/ir,²¹³,,,Cihui,t/ir
Fuzhou_00b2-2074-00b2_t/ar,Fuzhou,00b2-2074-00b2_t/ar,²⁴²,,,Cihui,t/ar
Fuzhou_00b2-00b3_t/iq,Fuzhou,00b2-00b3_t/iq,²³,,,Cihui,t/iq
Fuzhou_2074_t/aq,Fuzhou,2074_t/aq,⁴,,,Cihui,t/aq
Chaozhou_0070_i,Chaozhou,0070_i,p,,,Cihui,i
Chaozhou_0070-2019_i,Chaozhou,0070-2019_i,p’,,,Cihui,i
Chaozhou_0062_i,Chaozhou,0062_i,b,,,Cihui,i
Chaozhou_006d_i,Chaozhou,006d_i,m,,,Cihui,i
Chaozhou_0074_i,Chaozhou,0074_i,t,,,Cihui,i
Chaozhou_0074-2019_i,Chaozhou,0074-2019_i,t’,,,Cihui,i
Chaozhou_006e_i,Chaozhou,006e_i,n,,,Cihui,i
Chaozhou_006c_i,Chaozhou,006c_i,l,,,Cihui,i
Chaozhou_0074-0073_i,Chaozhou,0074-0073_i,ts,,,Cihui,i
Chaozhou_0074-0073-2019_i,Chaozhou,0074-0073-2019_i,ts’,,,Cihui,i
Chaozhou_0073_i,Chaozhou,0073_i,s,,,Cihui,i
Chaozhou_007a_i,Chaozhou,007a_i,z,,,Cihui,i
Chaozhou_006b_i,Chaozhou,006b_i,k,,,Cihui,i
Chaozhou_006b-2019_i,Chaozhou,006b-2019_i,k’,,,Cihui,i
Chaozhou_0067_i,Chaozhou,0067_i,g,,,Cihui,i
Chaozhou_014b_i,Chaozhou,014b_i,ŋ,,,Cihui,i
Chaozhou_0068_i,Chaozhou,0068_i,h,,,Cihui,i
Chaozhou_027f_n,Chaozhou,027f_n,ɿ,,,Cihui,n
Chaozhou_0061_n,Chaozhou,0061_n,a,,,Cihui,n
Chaozhou_006f_n,Chaozhou,006f_n,o,,,Cihui,n
Chaozhou_0065_n,Chaozhou,0065_n,e,,,Cihui,n
Chaozhou_026f_n,Chaozhou,026f_n,ɯ,,,Cihui,n
Chaozhou_0061-0069_n,Chaozhou,0061-0069_n,ai,,,Cihui,n
Chaozhou_006f-0069_n,Chaozhou,006f-0069_n,oi,,,Cihui,n
Chaozhou_0061-0075_n,Chaozhou,0061-0075_n,au,,,Cihui,n
Chaozhou_006f-0075_n,Chaozhou,006f-0075_n,ou,,,Cihui,n
Chaozhou_00e3_n,Chaozhou,00e3_n,ã,,,Cihui,n
Chaozhou_1ebd_n,Chaozhou,1ebd_n,ẽ,,,Cihui,n
Chaozhou_00e3-0129_n,Chaozhou,00e3-0129_n,ãĩ,,,Cihui,n
Chaozhou_00f5-0129_n,Chaozhou,00f5-0129_n,õĩ,,,Cihui,n
Chaozhou_00e3-0169_n,Chaozhou,00e3-0169_n,ãũ,,,Cihui,n
Chaozhou_00f5-0169_n,Chaozhou,00f5-0169_n,õũ,,,Cihui,n
Chaozhou_0069_n,Chaozhou,0069_n,i,,,Cihui,n
Chaozhou_0069_m,Chaozhou,0069_m,i,,,Cihui,m
Chaozhou_0061_n,Chaozhou,0061_n,a,,,Cihui,n
Chaozhou_0069_m,Chaozhou,0069_m,i,,,Cihui,m
Chaozhou_0065_n,Chaozhou,0065_n,e,,,Cihui,n
Chaozhou_0069_m,Chaozhou,0069_m,i,,,Cihui,m
Chaozhou_0075_n,Chaozhou,0075_n,u,,,Cihui,n
Chaozhou_0069_m,Chaozhou,0069_m,i,,,Cihui,m
Chaozhou_0259-0075_n,Chaozhou,0259-0075_n,əu,,,Cihui,n
Chaozhou_0129_n,Chaozhou,0129_n,ĩ,,,Cihui,n
Chaozhou_0129_m,Chaozhou,0129_m,ĩ,,,Cihui,m
Chaozhou_00e3_n,Chaozhou,00e3_n,ã,,,Cihui,n
Chaozhou_0129_m,Chaozhou,0129_m,ĩ,,,Cihui,m
Chaozhou_1ebd_n,Chaozhou,1ebd_n,ẽ,,,Cihui,n
Chaozhou_0129_m,Chaozhou,0129_m,ĩ,,,Cihui,m
Chaozhou_0169_n,Chaozhou,0169_n,ũ,,,Cihui,n
Chaozhou_0075_m,Chaozhou,0075_m,u,,,Cihui,m
Chaozhou_0075_m,Chaozhou,0075_m,u,,,Cihui,m
Chaozhou_0061_n,Chaozhou,0061_n,a,,,Cihui,n
Chaozhou_0075_m,Chaozhou,0075_m,u,,,Cihui,m
Chaozhou_0065_n,Chaozhou,0065_n,e,,,Cihui,n
Chaozhou_0075_m,Chaozhou,0075_m,u,,,Cihui,m
Chaozhou_0069_n,Chaozhou,0069_n,i,,,Cihui,n
Chaozhou_0075_m,Chaozhou,0075_m,u,,,Cihui,m
Chaozhou_0061-0069_n,Chaozhou,0061-0069_n,ai,,,Cihui,n
Chaozhou_0169_m,Chaozhou,0169_m,ũ,,,Cihui,m
Chaozhou_00e3_n,Chaozhou,00e3_n,ã,,,Cihui,n
Chaozhou_0169_m,Chaozhou,0169_m,ũ,,,Cihui,m
Chaozhou_1ebd_n,Chaozhou,1ebd_n,ẽ,,,Cihui,n
Chaozhou_0169_m,Chaozhou,0169_m,ũ,,,Cihui,m
Chaozhou_0129_n,Chaozhou,0129_n,ĩ,,,Cihui,n
Chaozhou_0169_m,Chaozhou,0169_m,ũ,,,Cihui,m
Chaozhou_00e3-0129_n,Chaozhou,00e3-0129_n,ãĩ,,,Cihui,n
Chaozhou_0061_n,Chaozhou,0061_n,a,,,Cihui,n
Chaozhou_006d_c,Chaozhou,006d_c,m,,,Cihui,c
Chaozhou_0061_n,Chaozhou,0061_n,a,,,Cihui,n
Chaozhou_014b_c,Chaozhou,014b_c,ŋ,,,Cihui,c
Chaozhou_006f_n,Chaozhou,006f_n,o,,,Cihui,n
Chaozhou_014b_c,Chaozhou,014b_c,ŋ,,,Cihui,c
Chaozhou_0065_n,Chaozhou,0065_n,e,,,Cihui,n
Chaozhou_014b_c,Chaozhou,014b_c,ŋ,,,Cihui,c
Chaozhou_026f_n,Chaozhou,026f_n,ɯ,,,Cihui,n
Chaozhou_014b_c,Chaozhou,014b_c,ŋ,,,Cihui,c
Chaozhou_0061_n,Chaozhou,0061_n,a,,,Cihui,n
Chaozhou_0070_c,Chaozhou,0070_c,p,,,Cihui,c
Chaozhou_0061_n,Chaozhou,0061_n,a,,,Cihui,n
Chaozhou_006b_c,Chaozhou,006b_c,k,,,Cihui,c
Chaozhou_006f_n,Chaozhou,006f_n,o,,,Cihui,n
Chaozhou_006b_c,Chaozhou,006b_c,k,,,Cihui,c
Chaozhou_0065_n,Chaozhou,0065_n,e,,,Cihui,n
Chaozhou_006b_c,Chaozhou,006b_c,k,,,Cihui,c
Chaozhou_026f_n,Chaozhou,026f_n,ɯ,,,Cihui,n
Chaozhou_006b_c,Chaozhou,006b_c,k,,,Cihui,c
Chaozhou_0069_n,Chaozhou,0069_n,i,,,Cihui,n
Chaozhou_006d_c,Chaozhou,006d_c,m,,,Cihui,c
Chaozhou_0069_m,Chaozhou,0069_m,i,,,Cihui,m
Chaozhou_0065_n,Chaozhou,0065_n,e,,,Cihui,n
Chaozhou_006d_c,Chaozhou,006d_c,m,,,Cihui,c
Chaozhou_0069_n,Chaozhou,0069_n,i,,,Cihui,n
Chaozhou_014b_c,Chaozhou,014b_c,ŋ,,,Cihui,c
Chaozhou_0069_m,Chaozhou,0069_m,i,,,Cihui,m
Chaozhou_0061_n,Chaozhou,0061_n,a,,,Cihui,n
Chaozhou_014b_c,Chaozhou,014b_c,ŋ,,,Cihui,c
Chaozhou_0069_m,Chaozhou,0069_m,i,,,Cihui,m
Chaozhou_006f_n,Chaozhou,006f_n,o,,,Cihui,n
Chaozhou_014b_c,Chaozhou,014b_c,ŋ,,,Cihui,c
Chaozhou_0069_m,Chaozhou,0069_m,i,,,Cihui,m
Chaozhou_0065_n,Chaozhou,0065_n,e,,,Cihui,n
Chaozhou_014b_c,Chaozhou,014b_c,ŋ,,,Cihui,c
Chaozhou_0069_n,Chaozhou,0069_n,i,,,Cihui,n
Chaozhou_0070_c,Chaozhou,0070_c,p,,,Cihui,c
Chaozhou_0069_m,Chaozhou,0069_m,i,,,Cihui,m
Chaozhou_0065_n,Chaozhou,0065_n,e,,,Cihui,n
Chaozhou_0070_c,Chaozhou,0070_c,p,,,Cihui,c
Chaozhou_0069_n,Chaozhou,0069_n,i,,,Cihui,n
Chaozhou_006b_c,Chaozhou,006b_c,k,,,Cihui,c
Chaozhou_0069_m,Chaozhou,0069_m,i,,,Cihui,m
Chaozhou_0061_n,Chaozhou,0061_n,a,,,Cihui,n
Chaozhou_006b_c,Chaozhou,006b_c,k,,,Cihui,c
Chaozhou_0069_m,Chaozhou,0069_m,i,,,Cihui,m
Chaozhou_006f_n,Chaozhou,006f_n,o,,,Cihui,n
Chaozhou_006b_c,Chaozhou,006b_c,k,,,Cihui,c
Chaozhou_0069_m,Chaozhou,0069_m,i,,,Cihui,m
Chaozhou_0065_n,Chaozhou,0065_n,e,,,Cihui,n
Chaozhou_006b_c,Chaozhou,006b_c,k,,,Cihui,c
Chaozhou_0075_m,Chaozhou,0075_m,u,,,Cihui,m
Chaozhou_0061_n,Chaozhou,0061_n,a,,,Cihui,n
Chaozhou_006d_c,Chaozhou,006d_c,m,,,Cihui,c
Chaozhou_0075_n,Chaozhou,0075_n,u,,,Cihui,n
Chaozhou_014b_c,Chaozhou,014b_c,ŋ,,,Cihui,c
Chaozhou_0075_m,Chaozhou,0075_m,u,,,Cihui,m
Chaozhou_0061_n,Chaozhou,0061_n,a,,,Cihui,n
Chaozhou_014b_c,Chaozhou,014b_c,ŋ,,,Cihui,c
Chaozhou_0075_m,Chaozhou,0075_m,u,,,Cihui,m
Chaozhou_0065_n,Chaozhou,0065_n,e,,,Cihui,n
Chaozhou_014b_c,Chaozhou,014b_c,ŋ,,,Cihui,c
Chaozhou_0075_m,Chaozhou,0075_m,u,,,Cihui,m
Chaozhou_0061_n,Chaozhou,0061_n,a,,,Cihui,n
Chaozhou_0070_c,Chaozhou,0070_c,p,,,Cihui,c
Chaozhou_0075_n,Chaozhou,0075_n,u,,,Cihui,n
Chaozhou_006b_c,Chaozhou,006b_c,k,,,Cihui,c
Chaozhou_0075_m,Chaozhou,0075_m,u,,,Cihui,m
Chaozhou_0061_n,Chaozhou,0061_n,a,,,Cihui,n
Chaozhou_006b_c,Chaozhou,006b_c,k,,,Cihui,c
Chaozhou_0075_m,Chaozhou,0075_m,u,,,Cihui,m
Chaozhou_0065_n,Chaozhou,0065_n,e,,,Cihui,n
Chaozhou_006b_c,Chaozhou,006b_c,k,,,Cihui,c
Chaozhou_0061_n,Chaozhou,0061_n,a,,,Cihui,n
Chaozhou_0294_c,Chaozhou,0294_c,ʔ,,,Cihui,c
Chaozhou_006f_n,Chaozhou,006f_n,o,,,Cihui,n
Chaozhou_0294_c,Chaozhou,0294_c,ʔ,,,Cihui,c
Chaozhou_0065_n,Chaozhou,0065_n,e,,,Cihui,n
Chaozhou_0294_c,Chaozhou,0294_c,ʔ,,,Cihui,c
Chaozhou_006f-0069_n,Chaozhou,006f-0069_n,oi,,,Cihui,n
Chaozhou_0294_c,Chaozhou,0294_c,ʔ,,,Cihui,c
Chaozhou_0061-0075_n,Chaozhou,0061-0075_n,au,,,Cihui,n
Chaozhou_0294_c,Chaozhou,0294_c,ʔ,,,Cihui,c
Chaozhou_1ebd_n,Chaozhou,1ebd_n,ẽ,,,Cihui,n
Chaozhou_0294_c,Chaozhou,0294_c,ʔ,,,Cihui,c
Chaozhou_0069_n,Chaozhou,0069_n,i,,,Cihui,n
Chaozhou_0294_c,Chaozhou,0294_c,ʔ,,,Cihui,c
Chaozhou_0069_m,Chaozhou,0069_m,i,,,Cihui,m
Chaozhou_0061_n,Chaozhou,0061_n,a,,,Cihui,n
Chaozhou_0294_c,Chaozhou,0294_c,ʔ,,,Cihui,c
Chaozhou_0069_m,Chaozhou,0069_m,i,,,Cihui,m
Chaozhou_0065_n,Chaozhou,0065_n,e,,,Cihui,n
Chaozhou_0294_c,Chaozhou,0294_c,ʔ,,,Cihui,c
Chaozhou_0069_m,Chaozhou,0069_m,i,,,Cihui,m
Chaozhou_0075_n,Chaozhou,0075_n,u,,,Cihui,n
Chaozhou_0294_c,Chaozhou,0294_c,ʔ,,,Cihui,c
Chaozhou_0069_m,Chaozhou,0069_m,i,,,Cihui,m
Chaozhou_0259-0075_n,Chaozhou,0259-0075_n,əu,,,Cihui,n
Chaozhou_0294_c,Chaozhou,0294_c,ʔ,,,Cihui,c
Chaozhou_0129_n,Chaozhou,0129_n,ĩ,,,Cihui,n
Chaozhou_0294_c,Chaozhou,0294_c,ʔ,,,Cihui,c
Chaozhou_0075_n,Chaozhou,0075_n,u,,,Cihui,n
Chaozhou_0294_c,Chaozhou,0294_c,ʔ,,,Cihui,c
Chaozhou_0075_m,Chaozhou,0075_m,u,,,Cihui,m
Chaozhou_0061_n,Chaozhou,0061_n,a,,,Cihui,n
Chaozhou_0294_c,Chaozhou,0294_c,ʔ,,,Cihui,c
Chaozhou_0075_m,Chaozhou,0075_m,u,,,Cihui,m
Chaozhou_0065_n,Chaozhou,0065_n,e,,,Cihui,n
Chaozhou_0294_c,Chaozhou,0294_c,ʔ,,,Cihui,c
Chaozhou_006d-0329_n,Chaozhou,006d-0329_n,m̩,,,Cihui,n
Chaozhou_006e-0329_n,Chaozhou,006e-0329_n,n̩,,,Cihui,n
Chaozhou_014b-030d_n,Chaozhou,014b-030d_n,ŋ̍,,,Cihui,n
Chaozhou_014b-030d_n,Chaozhou,014b-030d_n,ŋ̍,,,Cihui,n
Chaozhou_0294_c,Chaozhou,0294_c,ʔ,,,Cihui,c
Chaozhou_00b3-00b3_t/ip,Chaozhou,00b3-00b3_t/ip,³³,,,Cihui,t/ip
Chaozhou_2075-2075_t/ap,Chaozhou,2075-2075_t/ap,⁵⁵,,,Cihui,t/ap
Chaozhou_2075-00b3_t/is,Chaozhou,2075-00b3_t/is,⁵³,,,Cihui,t/is
Chaozhou_00b3-2075_t/as,Chaozhou,00b3-2075_t/as,³⁵,,,Cihui,t/as
Chaozhou_00b2-00b9-00b3_t/iq,Chaozhou,00b2-00b9-00b3_t/iq,²¹³,,,Cihui,t/iq
Chaozhou_00b9-00b9_t/aq,Chaozhou,00b9-00b9_t/aq,¹¹,,,Cihui,t/aq
Chaozhou_00b2-00b9_t/ir,Chaozhou,00b2-00b9_t/ir,²¹,,,Cihui,t/ir
Chaozhou_00b2-00b9_t/ir,Chaozhou,00b2-00b9_t/ir,²¹,,,Cihui,t/ir
Chaozhou_2074_t/ar,Chaozhou,2074_t/ar,⁴,,,Cihui,t/ar
Beijing_0070_i,Beijing,0070_i,p,,,Cihui,i
Beijing_0070-2019_i,Beijing,0070-2019_i,p’,,,Cihui,i
Beijing_006d_i,Beijing,006d_i,m,,,Cihui,i
Beijing_0066_i,Beijing,0066_i,f,,,Cihui,i
Beijing_0074_i,Beijing,0074_i,t,,,Cihui,i
Beijing_0074-2019_i,Beijing,0074-2019_i,t’,,,Cihui,i
Beijing_006e_i,Beijing,006e_i,n,,,Cihui,i
Beijing_006c_i,Beijing,006c_i,l,,,Cihui,i
Beijing_0074-0073_i,Beijing,0074-0073_i,ts,,,Cihui,i
Beijing_0074-0073-2019_i,Beijing,0074-0073-2019_i,ts’,,,Cihui,i
Beijing_0073_i,Beijing,0073_i,s,,,Cihui,i
Beijing_0074-0282_i,Beijing,0074-0282_i,tʂ,,,Cihui,i
Beijing_0074-0282-2019_i,Beijing,0074-0282-2019_i,tʂ’,,,Cihui,i
Beijing_0282_i,Beijing,0282_i,ʂ,,,Cihui,i
Beijing_0290_i,Beijing,0290_i,ʐ,,,Cihui,i
Beijing_0074-0255_i,Beijing,0074-0255_i,tɕ,,,Cihui,i
Beijing_0074-0255-2019_i,Beijing,0074-0255-2019_i,tɕ’,,,Cihui,i
Beijing_0255_i,Beijing,0255_i,ɕ,,,Cihui,i
Beijing_006b_i,Beijing,006b_i,k,,,Cihui,i
Beijing_006b-2019_i,Beijing,006b-2019_i,k’,,,Cihui,i
Beijing_0078_i,Beijing,0078_i,x,,,Cihui,i
Beijing_027f_n,Beijing,027f_n,ɿ,,,Cihui,n
Beijing_0285_n,Beijing,0285_n,ʅ,,,Cihui,n
Beijing_025a_n/r,Beijing,025a_n/r,ɚ,,,Cihui,n/r
Beijing_0061_n,Beijing,0061_n,a,,,Cihui,n
Beijing_0259_n,Beijing,0259_n,ə,,,Cihui,n
Beijing_006f_n,Beijing,006f_n,o,,,Cihui,n
Beijing_0061-0069_n,Beijing,0061-0069_n,ai,,,Cihui,n
Beijing_0065-0069_n,Beijing,0065-0069_n,ei,,,Cihui,n
Beijing_0061-0075_n,Beijing,0061-0075_n,au,,,Cihui,n
Beijing_006f-0075_n,Beijing,006f-0075_n,ou,,,Cihui,n
Beijing_0061_n,Beijing,0061_n,a,,,Cihui,n
Beijing_006e_c,Beijing,006e_c,n,,,Cihui,c
Beijing_0065_n,Beijing,0065_n,e,,,Cihui,n
Beijing_006e_c,Beijing,006e_c,n,,,Cihui,c
Beijing_0061_n,Beijing,0061_n,a,,,Cihui,n
Beijing_014b_c,Beijing,014b_c,ŋ,,,Cihui,c
Beijing_0259_n,Beijing,0259_n,ə,,,Cihui,n
Beijing_014b_c,Beijing,014b_c,ŋ,,,Cihui,c
Beijing_0069_n,Beijing,0069_n,i,,,Cihui,n
Beijing_0069_m,Beijing,0069_m,i,,,Cihui,m
Beijing_0061_n,Beijing,0061_n,a,,,Cihui,n
Beijing_0069_m,Beijing,0069_m,i,,,Cihui,m
Beijing_0065_n,Beijing,0065_n,e,,,Cihui,n
Beijing_0069_m,Beijing,0069_m,i,,,Cihui,m
Beijing_0061-0075_n,Beijing,0061-0075_n,au,,,Cihui,n
Beijing_0069_m,Beijing,0069_m,i,,,Cihui,m
Beijing_006f-0075_n,Beijing,006f-0075_n,ou,,,Cihui,n
Beijing_0069_m,Beijing,0069_m,i,,,Cihui,m
Beijing_0061_n,Beijing,0061_n,a,,,Cihui,n
Beijing_006e_c,Beijing,006e_c,n,,,Cihui,c
Beijing_0069_n,Beijing,0069_n,i,,,Cihui,n
Beijing_006e_c,Beijing,006e_c,n,,,Cihui,c
Beijing_0069_m,Beijing,0069_m,i,,,Cihui,m
Beijing_0061_n,Beijing,0061_n,a,,,Cihui,n
Beijing_014b_c,Beijing,014b_c,ŋ,,,Cihui,c
Beijing_0069_n,Beijing,0069_n,i,,,Cihui,n
Beijing_014b_c,Beijing,014b_c,ŋ,,,Cihui,c
Beijing_0075_n,Beijing,0075_n,u,,,Cihui,n
Beijing_0075_m,Beijing,0075_m,u,,,Cihui,m
Beijing_0061_n,Beijing,0061_n,a,,,Cihui,n
Beijing_0075_m,Beijing,0075_m,u,,,Cihui,m
Beijing_006f_n,Beijing,006f_n,o,,,Cihui,n
Beijing_0075_m,Beijing,0075_m,u,,,Cihui,m
Beijing_0061-0069_n,Beijing,0061-0069_n,ai,,,Cihui,n
Beijing_0075_m,Beijing,0075_m,u,,,Cihui,m
Beijing_0065-0069_n,Beijing,0065-0069_n,ei,,,Cihui,n
Beijing_0075_m,Beijing,0075_m,u,,,Cihui,m
Beijing_0061_n,Beijing,0061_n,a,,,Cihui,n
Beijing_006e_c,Beijing,006e_c,n,,,Cihui,c
Beijing_0075_m,Beijing,0075_m,u,,,Cihui,m
Beijing_0259_n,Beijing,0259_n,ə,,,Cihui,n
Beijing_006e_c,Beijing,006e_c,n,,,Cihui,c
Beijing_0075_m,Beijing,0075_m,u,,,Cihui,m
Beijing_0061_n,Beijing,0061_n,a,,,Cihui,n
Beijing_014b_c,Beijing,014b_c,ŋ,,,Cihui,c
Beijing_0075_n,Beijing,0075_n,u,,,Cihui,n
Beijing_014b_c,Beijing,014b_c,ŋ,,,Cihui,c
Beijing_0075_m,Beijing,0075_m,u,,,Cihui,m
Beijing_0259_n,Beijing,0259_n,ə,,,Cihui,n
Beijing_014b_c,Beijing,014b_c,ŋ,,,Cihui,c
Beijing_0079_n,Beijing,0079_n,y,,,Cihui,n
Beijing_0079_m,Beijing,0079_m,y,,,Cihui,m
Beijing_0065_n,Beijing,0065_n,e,,,Cihui,n
Beijing_0079_m,Beijing,0079_m,y,,,Cihui,m
Beijing_0061_n,Beijing,0061_n,a,,,Cihui,n
Beijing_006e_c,Beijing,006e_c,n,,,Cihui,c
Beijing_0079_m,Beijing,0079_m,y,,,Cihui,m
Beijing_0075_n,Beijing,0075_n,u,,,Cihui,n
Beijing_006e_c,Beijing,006e_c,n,,,Cihui,c
Beijing_0079_n,Beijing,0079_n,y,,,Cihui,n
Beijing_014b_c,Beijing,014b_c,ŋ,,,Cihui,c
Beijing_2075-2075_t/ip,Beijing,2075-2075_t/ip,⁵⁵,,,Cihui,t/ip
Beijing_00b3-2075_t/ap,Beijing,00b3-2075_t/ap,³⁵,,,Cihui,t/ap
Beijing_00b2-00b9-2074_t/s,Beijing,00b2-00b9-2074_t/s,²¹⁴,,,Cihui,t/s
Beijing_2075-00b9_t/q,Beijing,2075-00b9_t/q,⁵¹,,,Cihui,t/q
Beijing_00b2-00b9-002f-00b2-00b9-2074_t/s,Beijing,00b2-00b9-002f-00b2-00b9-2074_t/s,²¹/²¹⁴,,,Cihui,t/s
Beijing_00b3-2075-002f-00b2-00b9-2074_t/s,Beijing,00b3-2075-002f-00b2-00b9-2074_t/s,³⁵/²¹⁴,,,Cihui,t/s
Beijing_2070_t,Beijing,2070_t,⁰,,,Cihui,t
Yangjiang_0070_i,Yangjiang,0070_i,p,,,Cihui,i
Yangjiang_0070-2019_i,Yangjiang,0070-2019_i,p’,,,Cihui,i
Yangjiang_006d_i,Yangjiang,006d_i,m,,,Cihui,i
Yangjiang_0066_i,Yangjiang,0066_i,f,,,Cihui,i
Yangjiang_0074_i,Yangjiang,0074_i,t,,,Cihui,i
Yangjiang_0074-2019_i,Yangjiang,0074-2019_i,t’,,,Cihui,i
Yangjiang_006e_i,Yangjiang,006e_i,n,,,Cihui,i
Yangjiang_006c_i,Yangjiang,006c_i,l,,,Cihui,i
Yangjiang_026c_i,Yangjiang,026c_i,ɬ,,,Cihui,i
Yangjiang_0074-0283_i,Yangjiang,0074-0283_i,tʃ,,,Cihui,i
Yangjiang_0074-0283-2019_i,Yangjiang,0074-0283-2019_i,tʃ’,,,Cihui,i
Yangjiang_0283_i,Yangjiang,0283_i,ʃ,,,Cihui,i
Yangjiang_006a_i,Yangjiang,006a_i,j,,,Cihui,i
Yangjiang_006b_i,Yangjiang,006b_i,k,,,Cihui,i
Yangjiang_006b-2019_i,Yangjiang,006b-2019_i,k’,,,Cihui,i
Yangjiang_014b_i,Yangjiang,014b_i,ŋ,,,Cihui,i
Yangjiang_0068_i,Yangjiang,0068_i,h,,,Cihui,i
Yangjiang_006b-0077_i,Yangjiang,006b-0077_i,kw,,,Cihui,i
Yangjiang_006b-2019-0077_i,Yangjiang,006b-2019-0077_i,k’w,,,Cihui,i
Yangjiang_0077_i,Yangjiang,0077_i,w,,,Cihui,i
Yangjiang_0061_n,Yangjiang,0061_n,a,,,Cihui,n
Yangjiang_0061-0069_n,Yangjiang,0061-0069_n,ai,,,Cihui,n
Yangjiang_0061-0075_n,Yangjiang,0061-0075_n,au,,,Cihui,n
Yangjiang_0061_n,Yangjiang,0061_n,a,,,Cihui,n
Yangjiang_006d_c,Yangjiang,006d_c,m,,,Cihui,c
Yangjiang_0061_n,Yangjiang,0061_n,a,,,Cihui,n
Yangjiang_006e_c,Yangjiang,006e_c,n,,,Cihui,c
Yangjiang_0061_n,Yangjiang,0061_n,a,,,Cihui,n
Yangjiang_014b_c,Yangjiang,014b_c,ŋ,,,Cihui,c
Yangjiang_0061_n,Yangjiang,0061_n,a,,,Cihui,n
Yangjiang_0070_c,Yangjiang,0070_c,p,,,Cihui,c
Yangjiang_0061_n,Yangjiang,0061_n,a,,,Cihui,n
Yangjiang_0074_c,Yangjiang,0074_c,t,,,Cihui,c
Yangjiang_0061_n,Yangjiang,0061_n,a,,,Cihui,n
Yangjiang_006b_c,Yangjiang,006b_c,k,,,Cihui,c
Yangjiang_0250-0069_n,Yangjiang,0250-0069_n,ɐi,,,Cihui,n
Yangjiang_0250-0075_n,Yangjiang,0250-0075_n,ɐu,,,Cihui,n
Yangjiang_0250_n,Yangjiang,0250_n,ɐ,,,Cihui,n
Yangjiang_006d_c,Yangjiang,006d_c,m,,,Cihui,c
Yangjiang_0250_n,Yangjiang,0250_n,ɐ,,,Cihui,n
Yangjiang_006e_c,Yangjiang,006e_c,n,,,Cihui,c
Yangjiang_0250_n,Yangjiang,0250_n,ɐ,,,Cihui,n
Yangjiang_014b_c,Yangjiang,014b_c,ŋ,,,Cihui,c
Yangjiang_0250_n,Yangjiang,0250_n,ɐ,,,Cihui,n
Yangjiang_0070_c,Yangjiang,0070_c,p,,,Cihui,c
Yangjiang_0250_n,Yangjiang,0250_n,ɐ,,,Cihui,n
Yangjiang_0074_c,Yangjiang,0074_c,t,,,Cihui,c
Yangjiang_0250_n,Yangjiang,0250_n,ɐ,,,Cihui,n
Yangjiang_006b_c,Yangjiang,006b_c,k,,,Cihui,c
Yangjiang_0254_n,Yangjiang,0254_n,ɔ,,,Cihui,n
Yangjiang_0254-0069_n,Yangjiang,0254-0069_n,ɔi,,,Cihui,n
Yangjiang_0254-0075_n,Yangjiang,0254-0075_n,ɔu,,,Cihui,n
Yangjiang_0254_n,Yangjiang,0254_n,ɔ,,,Cihui,n
Yangjiang_006e_c,Yangjiang,006e_c,n,,,Cihui,c
Yangjiang_0254_n,Yangjiang,0254_n,ɔ,,,Cihui,n
Yangjiang_014b_c,Yangjiang,014b_c,ŋ,,,Cihui,c
Yangjiang_0254_n,Yangjiang,0254_n,ɔ,,,Cihui,n
Yangjiang_0074_c,Yangjiang,0074_c,t,,,Cihui,c
Yangjiang_0254_n,Yangjiang,0254_n,ɔ,,,Cihui,n
Yangjiang_006b_c,Yangjiang,006b_c,k,,,Cihui,c
Yangjiang_025b_n,Yangjiang,025b_n,ɛ,,,Cihui,n
Yangjiang_0065-0069_n,Yangjiang,0065-0069_n,ei,,,Cihui,n
Yangjiang_0069_m,Yangjiang,0069_m,i,,,Cihui,m
Yangjiang_025b-0075_n,Yangjiang,025b-0075_n,ɛu,,,Cihui,n
Yangjiang_0069_m,Yangjiang,0069_m,i,,,Cihui,m
Yangjiang_025b_n,Yangjiang,025b_n,ɛ,,,Cihui,n
Yangjiang_006d_c,Yangjiang,006d_c,m,,,Cihui,c
Yangjiang_0069_m,Yangjiang,0069_m,i,,,Cihui,m
Yangjiang_025b_n,Yangjiang,025b_n,ɛ,,,Cihui,n
Yangjiang_006e_c,Yangjiang,006e_c,n,,,Cihui,c
Yangjiang_0069_m,Yangjiang,0069_m,i,,,Cihui,m
Yangjiang_025b_n,Yangjiang,025b_n,ɛ,,,Cihui,n
Yangjiang_014b_c,Yangjiang,014b_c,ŋ,,,Cihui,c
Yangjiang_0069_m,Yangjiang,0069_m,i,,,Cihui,m
Yangjiang_025b_n,Yangjiang,025b_n,ɛ,,,Cihui,n
Yangjiang_0070_c,Yangjiang,0070_c,p,,,Cihui,c
Yangjiang_0069_m,Yangjiang,0069_m,i,,,Cihui,m
Yangjiang_025b_n,Yangjiang,025b_n,ɛ,,,Cihui,n
Yangjiang_0074_c,Yangjiang,0074_c,t,,,Cihui,c
Yangjiang_0069_m,Yangjiang,0069_m,i,,,Cihui,m
Yangjiang_025b_n,Yangjiang,025b_n,ɛ,,,Cihui,n
Yangjiang_006b_c,Yangjiang,006b_c,k,,,Cihui,c
Yangjiang_0069_n,Yangjiang,0069_n,i,,,Cihui,n
Yangjiang_0069_m,Yangjiang,0069_m,i,,,Cihui,m
Yangjiang_0075_n,Yangjiang,0075_n,u,,,Cihui,n
Yangjiang_0069_n,Yangjiang,0069_n,i,,,Cihui,n
Yangjiang_006d_c,Yangjiang,006d_c,m,,,Cihui,c
Yangjiang_0069_n,Yangjiang,0069_n,i,,,Cihui,n
Yangjiang_006e_c,Yangjiang,006e_c,n,,,Cihui,c
Yangjiang_026a_n,Yangjiang,026a_n,ɪ,,,Cihui,n
Yangjiang_014b_c,Yangjiang,014b_c,ŋ,,,Cihui,c
Yangjiang_0069_n,Yangjiang,0069_n,i,,,Cihui,n
Yangjiang_0070_c,Yangjiang,0070_c,p,,,Cihui,c
Yangjiang_0069_n,Yangjiang,0069_n,i,,,Cihui,n
Yangjiang_0074_c,Yangjiang,0074_c,t,,,Cihui,c
Yangjiang_026a_n,Yangjiang,026a_n,ɪ,,,Cihui,n
Yangjiang_006b_c,Yangjiang,006b_c,k,,,Cihui,c
Yangjiang_0075_n,Yangjiang,0075_n,u,,,Cihui,n
Yangjiang_0075_m,Yangjiang,0075_m,u,,,Cihui,m
Yangjiang_0069_n,Yangjiang,0069_n,i,,,Cihui,n
Yangjiang_0075_n,Yangjiang,0075_n,u,,,Cihui,n
Yangjiang_006e_c,Yangjiang,006e_c,n,,,Cihui,c
Yangjiang_028a_n,Yangjiang,028a_n,ʊ,,,Cihui,n
Yangjiang_014b_c,Yangjiang,014b_c,ŋ,,,Cihui,c
Yangjiang_0075_n,Yangjiang,0075_n,u,,,Cihui,n
Yangjiang_0074_c,Yangjiang,0074_c,t,,,Cihui,c
Yangjiang_028a_n,Yangjiang,028a_n,ʊ,,,Cihui,n
Yangjiang_006b_c,Yangjiang,006b_c,k,,,Cihui,c
Yangjiang_00b3-00b3_t/ip,Yangjiang,00b3-00b3_t/ip,³³,,,Cihui,t/ip
Yangjiang_2074-2074-00b3_t/yp,Yangjiang,2074-2074-00b3_t/yp,⁴⁴³,,,Cihui,t/yp
Yangjiang_00b2-00b9_t/s,Yangjiang,00b2-00b9_t/s,²¹,,,Cihui,t/s
Yangjiang_00b2-2074_t/ir,Yangjiang,00b2-2074_t/ir,²⁴,,,Cihui,t/ir
Yangjiang_2074-2075-2074_t/yr,Yangjiang,2074-2075-2074_t/yr,⁴⁵⁴,,,Cihui,t/yr
Yangjiang_00b2-2074-005f_t/1r,Yangjiang,00b2-2074-005f_t/1r,²⁴_,,,Cihui,t/1r
Yangjiang_00b2-00b9-005f_t/2r,Yangjiang,00b2-00b9-005f_t/2r,²¹_,,,Cihui,t/2r
Yangjiang_2074-2075-2074-005f_t/3r,Yangjiang,2074-2075-2074-005f_t/3r,⁴⁵⁴_,,,Cihui,t/3r
Yangjiang_2074-2074-00b3-005f_t/4r,Yangjiang,2074-2074-00b3-005f_t/4r,⁴⁴³_,,,Cihui,t/4r
Meixian_0070_i,Meixian,0070_i,p,,,Cihui,i
Meixian_0070-2019_i,Meixian,0070-2019_i,p’,,,Cihui,i
Meixian_006d_i,Meixian,006d_i,m,,,Cihui,i
Meixian_0066_i,Meixian,0066_i,f,,,Cihui,i
Meixian_0076_i,Meixian,0076_i,v,,,Cihui,i
Meixian_0074_i,Meixian,0074_i,t,,,Cihui,i
Meixian_0074-2019_i,Meixian,0074-2019_i,t’,,,Cihui,i
Meixian_006e_i,Meixian,006e_i,n,,,Cihui,i
Meixian_006c_i,Meixian,006c_i,l,,,Cihui,i
Meixian_0074-0073_i,Meixian,0074-0073_i,ts,,,Cihui,i
Meixian_0074-0073-2019_i,Meixian,0074-0073-2019_i,ts’,,,Cihui,i
Meixian_0073_i,Meixian,0073_i,s,,,Cihui,i
Meixian_0235_i,Meixian,0235_i,ȵ,,,Cihui,i
Meixian_006a_i,Meixian,006a_i,j,,,Cihui,i
Meixian_006b_i,Meixian,006b_i,k,,,Cihui,i
Meixian_006b-2019_i,Meixian,006b-2019_i,k’,,,Cihui,i
Meixian_014b_i,Meixian,014b_i,ŋ,,,Cihui,i
Meixian_0068_i,Meixian,0068_i,h,,,Cihui,i
Meixian_027f_n,Meixian,027f_n,ɿ,,,Cihui,n
Meixian_0061_n,Meixian,0061_n,a,,,Cihui,n
Meixian_025b_n,Meixian,025b_n,ɛ,,,Cihui,n
Meixian_0254_n,Meixian,0254_n,ɔ,,,Cihui,n
Meixian_0061-0069_n,Meixian,0061-0069_n,ai,,,Cihui,n
Meixian_006f-0069_n,Meixian,006f-0069_n,oi,,,Cihui,n
Meixian_0061-0075_n,Meixian,0061-0075_n,au,,,Cihui,n
Meixian_025b-0075_n,Meixian,025b-0075_n,ɛu,,,Cihui,n
Meixian_0069_n,Meixian,0069_n,i,,,Cihui,n
Meixian_0069_m,Meixian,0069_m,i,,,Cihui,m
Meixian_0061_n,Meixian,0061_n,a,,,Cihui,n
Meixian_0069_m,Meixian,0069_m,i,,,Cihui,m
Meixian_0061-0069_n,Meixian,0061-0069_n,ai,,,Cihui,n
Meixian_0069_m,Meixian,0069_m,i,,,Cihui,m
Meixian_0254-0069_n,Meixian,0254-0069_n,ɔi,,,Cihui,n
Meixian_0069_m,Meixian,0069_m,i,,,Cihui,m
Meixian_0061-0075_n,Meixian,0061-0075_n,au,,,Cihui,n
Meixian_0069_m,Meixian,0069_m,i,,,Cihui,m
Meixian_0075_n,Meixian,0075_n,u,,,Cihui,n
Meixian_0075_n,Meixian,0075_n,u,,,Cihui,n
Meixian_0075_m,Meixian,0075_m,u,,,Cihui,m
Meixian_0061_n,Meixian,0061_n,a,,,Cihui,n
Meixian_0075_m,Meixian,0075_m,u,,,Cihui,m
Meixian_0254_n,Meixian,0254_n,ɔ,,,Cihui,n
Meixian_0075_m,Meixian,0075_m,u,,,Cihui,m
Meixian_0061-0069_n,Meixian,0061-0069_n,ai,,,Cihui,n
Meixian_0075_m,Meixian,0075_m,u,,,Cihui,m
Meixian_0254-0069_n,Meixian,0254-0069_n,ɔi,,,Cihui,n
Meixian_0075_m,Meixian,0075_m,u,,,Cihui,m
Meixian_0069_n,Meixian,0069_n,i,,,Cihui,n
Meixian_0061_n,Meixian,0061_n,a,,,Cihui,n
Meixian_006d_c,Meixian,006d_c,m,,,Cihui,c
Meixian_025b_n,Meixian,025b_n,ɛ,,,Cihui,n
Meixian_006d_c,Meixian,006d_c,m,,,Cihui,c
Meixian_0259_n,Meixian,0259_n,ə,,,Cihui,n
Meixian_006d_c,Meixian,006d_c,m,,,Cihui,c
Meixian_0061_n,Meixian,0061_n,a,,,Cihui,n
Meixian_006e_c,Meixian,006e_c,n,,,Cihui,c
Meixian_025b_n,Meixian,025b_n,ɛ,,,Cihui,n
Meixian_006e_c,Meixian,006e_c,n,,,Cihui,c
Meixian_0254_n,Meixian,0254_n,ɔ,,,Cihui,n
Meixian_006e_c,Meixian,006e_c,n,,,Cihui,c
Meixian_0259_n,Meixian,0259_n,ə,,,Cihui,n
Meixian_006e_c,Meixian,006e_c,n,,,Cihui,c
Meixian_0061_n,Meixian,0061_n,a,,,Cihui,n
Meixian_014b_c,Meixian,014b_c,ŋ,,,Cihui,c
Meixian_006f_n,Meixian,006f_n,o,,,Cihui,n
Meixian_014b_c,Meixian,014b_c,ŋ,,,Cihui,c
Meixian_0069_m,Meixian,0069_m,i,,,Cihui,m
Meixian_0061_n,Meixian,0061_n,a,,,Cihui,n
Meixian_006d_c,Meixian,006d_c,m,,,Cihui,c
Meixian_0069_n,Meixian,0069_n,i,,,Cihui,n
Meixian_006d_c,Meixian,006d_c,m,,,Cihui,c
Meixian_0069_m,Meixian,0069_m,i,,,Cihui,m
Meixian_0061_n,Meixian,0061_n,a,,,Cihui,n
Meixian_006e_c,Meixian,006e_c,n,,,Cihui,c
Meixian_0069_m,Meixian,0069_m,i,,,Cihui,m
Meixian_025b_n,Meixian,025b_n,ɛ,,,Cihui,n
Meixian_006e_c,Meixian,006e_c,n,,,Cihui,c
Meixian_0069_m,Meixian,0069_m,i,,,Cihui,m
Meixian_006f_n,Meixian,006f_n,o,,,Cihui,n
Meixian_006e_c,Meixian,006e_c,n,,,Cihui,c
Meixian_0069_n,Meixian,0069_n,i,,,Cihui,n
Meixian_006e_c,Meixian,006e_c,n,,,Cihui,c
Meixian_0069_m,Meixian,0069_m,i,,,Cihui,m
Meixian_0075_n,Meixian,0075_n,u,,,Cihui,n
Meixian_006e_c,Meixian,006e_c,n,,,Cihui,c
Meixian_0069_m,Meixian,0069_m,i,,,Cihui,m
Meixian_0061_n,Meixian,0061_n,a,,,Cihui,n
Meixian_014b_c,Meixian,014b_c,ŋ,,,Cihui,c
Meixian_0069_m,Meixian,0069_m,i,,,Cihui,m
Meixian_0254_n,Meixian,0254_n,ɔ,,,Cihui,n
Meixian_014b_c,Meixian,014b_c,ŋ,,,Cihui,c
Meixian_0069_m,Meixian,0069_m,i,,,Cihui,m
Meixian_0075_n,Meixian,0075_n,u,,,Cihui,n
Meixian_014b_c,Meixian,014b_c,ŋ,,,Cihui,c
Meixian_0075_m,Meixian,0075_m,u,,,Cihui,m
Meixian_0061_n,Meixian,0061_n,a,,,Cihui,n
Meixian_006e_c,Meixian,006e_c,n,,,Cihui,c
Meixian_0075_m,Meixian,0075_m,u,,,Cihui,m
Meixian_025b_n,Meixian,025b_n,ɛ,,,Cihui,n
Meixian_006e_c,Meixian,006e_c,n,,,Cihui,c
Meixian_0075_m,Meixian,0075_m,u,,,Cihui,m
Meixian_0254_n,Meixian,0254_n,ɔ,,,Cihui,n
Meixian_006e_c,Meixian,006e_c,n,,,Cihui,c
Meixian_0075_n,Meixian,0075_n,u,,,Cihui,n
Meixian_006e_c,Meixian,006e_c,n,,,Cihui,c
Meixian_0075_m,Meixian,0075_m,u,,,Cihui,m
Meixian_0061_n,Meixian,0061_n,a,,,Cihui,n
Meixian_014b_c,Meixian,014b_c,ŋ,,,Cihui,c
Meixian_0075_m,Meixian,0075_m,u,,,Cihui,m
Meixian_0254_n,Meixian,0254_n,ɔ,,,Cihui,n
Meixian_014b_c,Meixian,014b_c,ŋ,,,Cihui,c
Meixian_0075_n,Meixian,0075_n,u,,,Cihui,n
Meixian_014b_c,Meixian,014b_c,ŋ,,,Cihui,c
Meixian_0061_n,Meixian,0061_n,a,,,Cihui,n
Meixian_0070_c,Meixian,0070_c,p,,,Cihui,c
Meixian_025b_n,Meixian,025b_n,ɛ,,,Cihui,n
Meixian_0070_c,Meixian,0070_c,p,,,Cihui,c
Meixian_0259_n,Meixian,0259_n,ə,,,Cihui,n
Meixian_0070_c,Meixian,0070_c,p,,,Cihui,c
Meixian_0061_n,Meixian,0061_n,a,,,Cihui,n
Meixian_0074_c,Meixian,0074_c,t,,,Cihui,c
Meixian_025b_n,Meixian,025b_n,ɛ,,,Cihui,n
Meixian_0074_c,Meixian,0074_c,t,,,Cihui,c
Meixian_0254_n,Meixian,0254_n,ɔ,,,Cihui,n
Meixian_0074_c,Meixian,0074_c,t,,,Cihui,c
Meixian_0259_n,Meixian,0259_n,ə,,,Cihui,n
Meixian_0074_c,Meixian,0074_c,t,,,Cihui,c
Meixian_0061_n,Meixian,0061_n,a,,,Cihui,n
Meixian_006b_c,Meixian,006b_c,k,,,Cihui,c
Meixian_0254_n,Meixian,0254_n,ɔ,,,Cihui,n
Meixian_006b_c,Meixian,006b_c,k,,,Cihui,c
Meixian_0069_m,Meixian,0069_m,i,,,Cihui,m
Meixian_0061_n,Meixian,0061_n,a,,,Cihui,n
Meixian_0070_c,Meixian,0070_c,p,,,Cihui,c
Meixian_0069_n,Meixian,0069_n,i,,,Cihui,n
Meixian_0070_c,Meixian,0070_c,p,,,Cihui,c
Meixian_0069_m,Meixian,0069_m,i,,,Cihui,m
Meixian_0061_n,Meixian,0061_n,a,,,Cihui,n
Meixian_0074_c,Meixian,0074_c,t,,,Cihui,c
Meixian_0069_m,Meixian,0069_m,i,,,Cihui,m
Meixian_025b_n,Meixian,025b_n,ɛ,,,Cihui,n
Meixian_0074_c,Meixian,0074_c,t,,,Cihui,c
Meixian_0069_m,Meixian,0069_m,i,,,Cihui,m
Meixian_0254_n,Meixian,0254_n,ɔ,,,Cihui,n
Meixian_0074_c,Meixian,0074_c,t,,,Cihui,c
Meixian_0069_n,Meixian,0069_n,i,,,Cihui,n
Meixian_0074_c,Meixian,0074_c,t,,,Cihui,c
Meixian_0069_m,Meixian,0069_m,i,,,Cihui,m
Meixian_0075_n,Meixian,0075_n,u,,,Cihui,n
Meixian_0074_c,Meixian,0074_c,t,,,Cihui,c
Meixian_0069_m,Meixian,0069_m,i,,,Cihui,m
Meixian_0061_n,Meixian,0061_n,a,,,Cihui,n
Meixian_006b_c,Meixian,006b_c,k,,,Cihui,c
Meixian_0069_m,Meixian,0069_m,i,,,Cihui,m
Meixian_0254_n,Meixian,0254_n,ɔ,,,Cihui,n
Meixian_006b_c,Meixian,006b_c,k,,,Cihui,c
Meixian_0069_m,Meixian,0069_m,i,,,Cihui,m
Meixian_0075_n,Meixian,0075_n,u,,,Cihui,n
Meixian_006b_c,Meixian,006b_c,k,,,Cihui,c
Meixian_0075_m,Meixian,0075_m,u,,,Cihui,m
Meixian_0061_n,Meixian,0061_n,a,,,Cihui,n
Meixian_0074_c,Meixian,0074_c,t,,,Cihui,c
Meixian_0075_m,Meixian,0075_m,u,,,Cihui,m
Meixian_025b_n,Meixian,025b_n,ɛ,,,Cihui,n
Meixian_0074_c,Meixian,0074_c,t,,,Cihui,c
Meixian_0075_m,Meixian,0075_m,u,,,Cihui,m
Meixian_0254_n,Meixian,0254_n,ɔ,,,Cihui,n
Meixian_0074_c,Meixian,0074_c,t,,,Cihui,c
Meixian_0075_n,Meixian,0075_n,u,,,Cihui,n
Meixian_0074_c,Meixian,0074_c,t,,,Cihui,c
Meixian_0075_m,Meixian,0075_m,u,,,Cihui,m
Meixian_0061_n,Meixian,0061_n,a,,,Cihui,n
Meixian_006b_c,Meixian,006b_c,k,,,Cihui,c
Meixian_0075_m,Meixian,0075_m,u,,,Cihui,m
Meixian_0254_n,Meixian,0254_n,ɔ,,,Cihui,n
Meixian_006b_c,Meixian,006b_c,k,,,Cihui,c
Meixian_0075_n,Meixian,0075_n,u,,,Cihui,n
Meixian_006b_c,Meixian,006b_c,k,,,Cihui,c
Meixian_006d-0329_n,Meixian,006d-0329_n,m̩,,,Cihui,n
Meixian_006e-0329_n,Meixian,006e-0329_n,n̩,,,Cihui,n
Meixian_014b-030d_n,Meixian,014b-030d_n,ŋ̍,,,Cihui,n
Meixian_2074-2074_t/ip,Meixian,2074-2074_t/ip,⁴⁴,,,Cihui,t/ip
Meixian_00b9-00b2_t/ap,Meixian,00b9-00b2_t/ap,¹²,,,Cihui,t/ap
Meixian_00b3-00b9_t/s,Meixian,00b3-00b9_t/s,³¹,,,Cihui,t/s
Meixian_2074-00b2_t/q,Meixian,2074-00b2_t/q,⁴²,,,Cihui,t/q
Meixian_00b2-00b9_t/ir,Meixian,00b2-00b9_t/ir,²¹,,,Cihui,t/ir
Meixian_2074_t/ar,Meixian,2074_t/ar,⁴,,,Cihui,t/ar
Meixian_2070_t,Meixian,2070_t,⁰,,,Cihui,t
Yangzhou_0070_i,Yangzhou,0070_i,p,,,Cihui,i
Yangzhou_0070-2019_i,Yangzhou,0070-2019_i,p’,,,Cihui,i
Yangzhou_006d_i,Yangzhou,006d_i,m,,,Cihui,i
Yangzhou_0066_i,Yangzhou,0066_i,f,,,Cihui,i
Yangzhou_0074_i,Yangzhou,0074_i,t,,,Cihui,i
Yangzhou_0074-2019_i,Yangzhou,0074-2019_i,t’,,,Cihui,i
Yangzhou_006e_i,Yangzhou,006e_i,n,,,Cihui,i
Yangzhou_0074-0073_i,Yangzhou,0074-0073_i,ts,,,Cihui,i
Yangzhou_0074-0073-2019_i,Yangzhou,0074-0073-2019_i,ts’,,,Cihui,i
Yangzhou_0073_i,Yangzhou,0073_i,s,,,Cihui,i
Yangzhou_0074-0255_i,Yangzhou,0074-0255_i,tɕ,,,Cihui,i
Yangzhou_0074-0255-2019_i,Yangzhou,0074-0255-2019_i,tɕ’,,,Cihui,i
Yangzhou_0255_i,Yangzhou,0255_i,ɕ,,,Cihui,i
Yangzhou_006b_i,Yangzhou,006b_i,k,,,Cihui,i
Yangzhou_006b-2019_i,Yangzhou,006b-2019_i,k’,,,Cihui,i
Yangzhou_0078_i,Yangzhou,0078_i,x,,,Cihui,i
Yangzhou_027f_n,Yangzhou,027f_n,ɿ,,,Cihui,n
Yangzhou_0251_n,Yangzhou,0251_n,ɑ,,,Cihui,n
Yangzhou_025b_n,Yangzhou,025b_n,ɛ,,,Cihui,n
Yangzhou_006f_n,Yangzhou,006f_n,o,,,Cihui,n
Yangzhou_0254_n,Yangzhou,0254_n,ɔ,,,Cihui,n
Yangzhou_0259-0069_n,Yangzhou,0259-0069_n,əi,,,Cihui,n
Yangzhou_0264-026f_n,Yangzhou,0264-026f_n,ɤɯ,,,Cihui,n
Yangzhou_025b-0303_n,Yangzhou,025b-0303_n,ɛ̃,,,Cihui,n
Yangzhou_00f5_n,Yangzhou,00f5_n,õ,,,Cihui,n
Yangzhou_0251_n,Yangzhou,0251_n,ɑ,,,Cihui,n
Yangzhou_014b_c,Yangzhou,014b_c,ŋ,,,Cihui,c
Yangzhou_0259_n,Yangzhou,0259_n,ə,,,Cihui,n
Yangzhou_014b_c,Yangzhou,014b_c,ŋ,,,Cihui,c
Yangzhou_006f_n,Yangzhou,006f_n,o,,,Cihui,n
Yangzhou_014b_c,Yangzhou,014b_c,ŋ,,,Cihui,c
Yangzhou_0251_n,Yangzhou,0251_n,ɑ,,,Cihui,n
Yangzhou_0294_c,Yangzhou,0294_c,ʔ,,,Cihui,c
Yangzhou_00e6_n,Yangzhou,00e6_n,æ,,,Cihui,n
Yangzhou_0294_c,Yangzhou,0294_c,ʔ,,,Cihui,c
Yangzhou_0259_n,Yangzhou,0259_n,ə,,,Cihui,n
Yangzhou_0294_c,Yangzhou,0294_c,ʔ,,,Cihui,c
Yangzhou_006f_n,Yangzhou,006f_n,o,,,Cihui,n
Yangzhou_0294_c,Yangzhou,0294_c,ʔ,,,Cihui,c
Yangzhou_006f_n,Yangzhou,006f_n,o,,,Cihui,n
Yangzhou_0294_c,Yangzhou,0294_c,ʔ,,,Cihui,c
Yangzhou_0069_n,Yangzhou,0069_n,i,,,Cihui,n
Yangzhou_0069_m,Yangzhou,0069_m,i,,,Cihui,m
Yangzhou_0251_n,Yangzhou,0251_n,ɑ,,,Cihui,n
Yangzhou_0069_m,Yangzhou,0069_m,i,,,Cihui,m
Yangzhou_025b_n,Yangzhou,025b_n,ɛ,,,Cihui,n
Yangzhou_0069_m,Yangzhou,0069_m,i,,,Cihui,m
Yangzhou_0254_n,Yangzhou,0254_n,ɔ,,,Cihui,n
Yangzhou_0069_m,Yangzhou,0069_m,i,,,Cihui,m
Yangzhou_026a_n,Yangzhou,026a_n,ɪ,,,Cihui,n
Yangzhou_0069_m,Yangzhou,0069_m,i,,,Cihui,m
Yangzhou_0264-026f_n,Yangzhou,0264-026f_n,ɤɯ,,,Cihui,n
Yangzhou_0069_m,Yangzhou,0069_m,i,,,Cihui,m
Yangzhou_025b-0303_n,Yangzhou,025b-0303_n,ɛ̃,,,Cihui,n
Yangzhou_0069_m,Yangzhou,0069_m,i,,,Cihui,m
Yangzhou_0129_n,Yangzhou,0129_n,ĩ,,,Cihui,n
Yangzhou_0069_m,Yangzhou,0069_m,i,,,Cihui,m
Yangzhou_0251_n,Yangzhou,0251_n,ɑ,,,Cihui,n
Yangzhou_014b_c,Yangzhou,014b_c,ŋ,,,Cihui,c
Yangzhou_0069_n,Yangzhou,0069_n,i,,,Cihui,n
Yangzhou_014b_c,Yangzhou,014b_c,ŋ,,,Cihui,c
Yangzhou_0069_m,Yangzhou,0069_m,i,,,Cihui,m
Yangzhou_006f_n,Yangzhou,006f_n,o,,,Cihui,n
Yangzhou_014b_c,Yangzhou,014b_c,ŋ,,,Cihui,c
Yangzhou_0069_m,Yangzhou,0069_m,i,,,Cihui,m
Yangzhou_0251_n,Yangzhou,0251_n,ɑ,,,Cihui,n
Yangzhou_0294_c,Yangzhou,0294_c,ʔ,,,Cihui,c
Yangzhou_0069_m,Yangzhou,0069_m,i,,,Cihui,m
Yangzhou_00e6_n,Yangzhou,00e6_n,æ,,,Cihui,n
Yangzhou_0294_c,Yangzhou,0294_c,ʔ,,,Cihui,c
Yangzhou_0069_m,Yangzhou,0069_m,i,,,Cihui,m
Yangzhou_0259_n,Yangzhou,0259_n,ə,,,Cihui,n
Yangzhou_0294_c,Yangzhou,0294_c,ʔ,,,Cihui,c
Yangzhou_0069_m,Yangzhou,0069_m,i,,,Cihui,m
Yangzhou_006f_n,Yangzhou,006f_n,o,,,Cihui,n
Yangzhou_0294_c,Yangzhou,0294_c,ʔ,,,Cihui,c
Yangzhou_0075_n,Yangzhou,0075_n,u,,,Cihui,n
Yangzhou_0075_m,Yangzhou,0075_m,u,,,Cihui,m
Yangzhou_0251_n,Yangzhou,0251_n,ɑ,,,Cihui,n
Yangzhou_0075_m,Yangzhou,0075_m,u,,,Cihui,m
Yangzhou_025b_n,Yangzhou,025b_n,ɛ,,,Cihui,n
Yangzhou_0075_m,Yangzhou,0075_m,u,,,Cihui,m
Yangzhou_0259-0069_n,Yangzhou,0259-0069_n,əi,,,Cihui,n
Yangzhou_0075_m,Yangzhou,0075_m,u,,,Cihui,m
Yangzhou_0259-0303_n,Yangzhou,0259-0303_n,ə̃,,,Cihui,n
Yangzhou_0075_m,Yangzhou,0075_m,u,,,Cihui,m
Yangzhou_0251_n,Yangzhou,0251_n,ɑ,,,Cihui,n
Yangzhou_014b_c,Yangzhou,014b_c,ŋ,,,Cihui,c
Yangzhou_0075_m,Yangzhou,0075_m,u,,,Cihui,m
Yangzhou_0259_n,Yangzhou,0259_n,ə,,,Cihui,n
Yangzhou_014b_c,Yangzhou,014b_c,ŋ,,,Cihui,c
Yangzhou_0075_m,Yangzhou,0075_m,u,,,Cihui,m
Yangzhou_0251_n,Yangzhou,0251_n,ɑ,,,Cihui,n
Yangzhou_0294_c,Yangzhou,0294_c,ʔ,,,Cihui,c
Yangzhou_0075_m,Yangzhou,0075_m,u,,,Cihui,m
Yangzhou_00e6_n,Yangzhou,00e6_n,æ,,,Cihui,n
Yangzhou_0294_c,Yangzhou,0294_c,ʔ,,,Cihui,c
Yangzhou_0075_m,Yangzhou,0075_m,u,,,Cihui,m
Yangzhou_0259_n,Yangzhou,0259_n,ə,,,Cihui,n
Yangzhou_0294_c,Yangzhou,0294_c,ʔ,,,Cihui,c
Yangzhou_028f_n,Yangzhou,028f_n,ʏ,,,Cihui,n
Yangzhou_0079_m,Yangzhou,0079_m,y,,,Cihui,m
Yangzhou_0129_n,Yangzhou,0129_n,ĩ,,,Cihui,n
Yangzhou_0079_m,Yangzhou,0079_m,y,,,Cihui,m
Yangzhou_0259_n,Yangzhou,0259_n,ə,,,Cihui,n
Yangzhou_014b_c,Yangzhou,014b_c,ŋ,,,Cihui,c
Yangzhou_0079_m,Yangzhou,0079_m,y,,,Cihui,m
Yangzhou_0259_n,Yangzhou,0259_n,ə,,,Cihui,n
Yangzhou_0294_c,Yangzhou,0294_c,ʔ,,,Cihui,c
Yangzhou_00b3-00b9_t/ip,Yangzhou,00b3-00b9_t/ip,³¹,,,Cihui,t/ip
Yangzhou_00b3-2074_t/ap,Yangzhou,00b3-2074_t/ap,³⁴,,,Cihui,t/ap
Yangzhou_2074-00b2_t/s,Yangzhou,2074-00b2_t/s,⁴²,,,Cihui,t/s
Yangzhou_2075-2075_t/q,Yangzhou,2075-2075_t/q,⁵⁵,,,Cihui,t/q
Yangzhou_2074_t/r,Yangzhou,2074_t/r,⁴,,,Cihui,t/r
Yangzhou_2070_t,Yangzhou,2070_t,⁰,,,Cihui,t
Xiamen_0070_i,Xiamen,0070_i,p,,,Cihui,i
Xiamen_0070-2019_i,Xiamen,0070-2019_i,p’,,,Cihui,i
Xiamen_0062_i,Xiamen,0062_i,b,,,Cihui,i
Xiamen_006d_i,Xiamen,006d_i,m,,,Cihui,i
Xiamen_0074_i,Xiamen,0074_i,t,,,Cihui,i
Xiamen_0074-2019_i,Xiamen,0074-2019_i,t’,,,Cihui,i
Xiamen_006e_i,Xiamen,006e_i,n,,,Cihui,i
Xiamen_006c_i,Xiamen,006c_i,l,,,Cihui,i
Xiamen_0074-0073_i,Xiamen,0074-0073_i,ts,,,Cihui,i
Xiamen_0074-0073-2019_i,Xiamen,0074-0073-2019_i,ts’,,,Cihui,i
Xiamen_0073_i,Xiamen,0073_i,s,,,Cihui,i
Xiamen_006b_i,Xiamen,006b_i,k,,,Cihui,i
Xiamen_006b-2019_i,Xiamen,006b-2019_i,k’,,,Cihui,i
Xiamen_0067_i,Xiamen,0067_i,g,,,Cihui,i
Xiamen_014b_i,Xiamen,014b_i,ŋ,,,Cihui,i
Xiamen_0068_i,Xiamen,0068_i,h,,,Cihui,i
Xiamen_0061_n,Xiamen,0061_n,a,,,Cihui,n
Xiamen_0254_n,Xiamen,0254_n,ɔ,,,Cihui,n
Xiamen_006f_n,Xiamen,006f_n,o,,,Cihui,n
Xiamen_0065_n,Xiamen,0065_n,e,,,Cihui,n
Xiamen_0061-0069_n,Xiamen,0061-0069_n,ai,,,Cihui,n
Xiamen_0061-0075_n,Xiamen,0061-0075_n,au,,,Cihui,n
Xiamen_00e3_n,Xiamen,00e3_n,ã,,,Cihui,n
Xiamen_0254-0303_n,Xiamen,0254-0303_n,ɔ̃,,,Cihui,n
Xiamen_1ebd_n,Xiamen,1ebd_n,ẽ,,,Cihui,n
Xiamen_00e3-0129_n,Xiamen,00e3-0129_n,ãĩ,,,Cihui,n
Xiamen_00e3-0169_n,Xiamen,00e3-0169_n,ãũ,,,Cihui,n
Xiamen_0069_n,Xiamen,0069_n,i,,,Cihui,n
Xiamen_0069_m,Xiamen,0069_m,i,,,Cihui,m
Xiamen_0061_n,Xiamen,0061_n,a,,,Cihui,n
Xiamen_0069_m,Xiamen,0069_m,i,,,Cihui,m
Xiamen_006f_n,Xiamen,006f_n,o,,,Cihui,n
Xiamen_0069_m,Xiamen,0069_m,i,,,Cihui,m
Xiamen_0075_n,Xiamen,0075_n,u,,,Cihui,n
Xiamen_0069_m,Xiamen,0069_m,i,,,Cihui,m
Xiamen_0061-0075_n,Xiamen,0061-0075_n,au,,,Cihui,n
Xiamen_0129_n,Xiamen,0129_n,ĩ,,,Cihui,n
Xiamen_0129_m,Xiamen,0129_m,ĩ,,,Cihui,m
Xiamen_00e3_n,Xiamen,00e3_n,ã,,,Cihui,n
Xiamen_0129_m,Xiamen,0129_m,ĩ,,,Cihui,m
Xiamen_0169_n,Xiamen,0169_n,ũ,,,Cihui,n
Xiamen_0129_m,Xiamen,0129_m,ĩ,,,Cihui,m
Xiamen_00e3-0169_n,Xiamen,00e3-0169_n,ãũ,,,Cihui,n
Xiamen_0075_n,Xiamen,0075_n,u,,,Cihui,n
Xiamen_0075_m,Xiamen,0075_m,u,,,Cihui,m
Xiamen_0061_n,Xiamen,0061_n,a,,,Cihui,n
Xiamen_0075_m,Xiamen,0075_m,u,,,Cihui,m
Xiamen_0065_n,Xiamen,0065_n,e,,,Cihui,n
Xiamen_0075_m,Xiamen,0075_m,u,,,Cihui,m
Xiamen_0069_n,Xiamen,0069_n,i,,,Cihui,n
Xiamen_0075_m,Xiamen,0075_m,u,,,Cihui,m
Xiamen_0061-0069_n,Xiamen,0061-0069_n,ai,,,Cihui,n
Xiamen_0169_m,Xiamen,0169_m,ũ,,,Cihui,m
Xiamen_00e3_n,Xiamen,00e3_n,ã,,,Cihui,n
Xiamen_0169_m,Xiamen,0169_m,ũ,,,Cihui,m
Xiamen_0129_n,Xiamen,0129_n,ĩ,,,Cihui,n
Xiamen_0169_m,Xiamen,0169_m,ũ,,,Cihui,m
Xiamen_00e3-0129_n,Xiamen,00e3-0129_n,ãĩ,,,Cihui,n
Xiamen_0061_n,Xiamen,0061_n,a,,,Cihui,n
Xiamen_006d_c,Xiamen,006d_c,m,,,Cihui,c
Xiamen_0061_n,Xiamen,0061_n,a,,,Cihui,n
Xiamen_006e_c,Xiamen,006e_c,n,,,Cihui,c
Xiamen_0061_n,Xiamen,0061_n,a,,,Cihui,n
Xiamen_014b_c,Xiamen,014b_c,ŋ,,,Cihui,c
Xiamen_0254_n,Xiamen,0254_n,ɔ,,,Cihui,n
Xiamen_014b_c,Xiamen,014b_c,ŋ,,,Cihui,c
Xiamen_0061_n,Xiamen,0061_n,a,,,Cihui,n
Xiamen_0070_c,Xiamen,0070_c,p,,,Cihui,c
Xiamen_0061_n,Xiamen,0061_n,a,,,Cihui,n
Xiamen_0074_c,Xiamen,0074_c,t,,,Cihui,c
Xiamen_0061_n,Xiamen,0061_n,a,,,Cihui,n
Xiamen_006b_c,Xiamen,006b_c,k,,,Cihui,c
Xiamen_0254_n,Xiamen,0254_n,ɔ,,,Cihui,n
Xiamen_006b_c,Xiamen,006b_c,k,,,Cihui,c
Xiamen_0069_n,Xiamen,0069_n,i,,,Cihui,n
Xiamen_006d_c,Xiamen,006d_c,m,,,Cihui,c
Xiamen_0069_m,Xiamen,0069_m,i,,,Cihui,m
Xiamen_0061_n,Xiamen,0061_n,a,,,Cihui,n
Xiamen_006d_c,Xiamen,006d_c,m,,,Cihui,c
Xiamen_0069_n,Xiamen,0069_n,i,,,Cihui,n
Xiamen_006e_c,Xiamen,006e_c,n,,,Cihui,c
Xiamen_0069_m,Xiamen,0069_m,i,,,Cihui,m
Xiamen_0061_n,Xiamen,0061_n,a,,,Cihui,n
Xiamen_006e_c,Xiamen,006e_c,n,,,Cihui,c
Xiamen_0069_n,Xiamen,0069_n,i,,,Cihui,n
Xiamen_014b_c,Xiamen,014b_c,ŋ,,,Cihui,c
Xiamen_0069_m,Xiamen,0069_m,i,,,Cihui,m
Xiamen_0061_n,Xiamen,0061_n,a,,,Cihui,n
Xiamen_014b_c,Xiamen,014b_c,ŋ,,,Cihui,c
Xiamen_0069_m,Xiamen,0069_m,i,,,Cihui,m
Xiamen_0254_n,Xiamen,0254_n,ɔ,,,Cihui,n
Xiamen_014b_c,Xiamen,014b_c,ŋ,,,Cihui,c
Xiamen_0069_n,Xiamen,0069_n,i,,,Cihui,n
Xiamen_0070_c,Xiamen,0070_c,p,,,Cihui,c
Xiamen_0069_m,Xiamen,0069_m,i,,,Cihui,m
Xiamen_0061_n,Xiamen,0061_n,a,,,Cihui,n
Xiamen_0070_c,Xiamen,0070_c,p,,,Cihui,c
Xiamen_0069_n,Xiamen,0069_n,i,,,Cihui,n
Xiamen_0074_c,Xiamen,0074_c,t,,,Cihui,c
Xiamen_0069_m,Xiamen,0069_m,i,,,Cihui,m
Xiamen_0061_n,Xiamen,0061_n,a,,,Cihui,n
Xiamen_0074_c,Xiamen,0074_c,t,,,Cihui,c
Xiamen_0069_n,Xiamen,0069_n,i,,,Cihui,n
Xiamen_006b_c,Xiamen,006b_c,k,,,Cihui,c
Xiamen_0069_m,Xiamen,0069_m,i,,,Cihui,m
Xiamen_0061_n,Xiamen,0061_n,a,,,Cihui,n
Xiamen_006b_c,Xiamen,006b_c,k,,,Cihui,c
Xiamen_0069_m,Xiamen,0069_m,i,,,Cihui,m
Xiamen_0254_n,Xiamen,0254_n,ɔ,,,Cihui,n
Xiamen_006b_c,Xiamen,006b_c,k,,,Cihui,c
Xiamen_0075_n,Xiamen,0075_n,u,,,Cihui,n
Xiamen_006e_c,Xiamen,006e_c,n,,,Cihui,c
Xiamen_0075_m,Xiamen,0075_m,u,,,Cihui,m
Xiamen_0061_n,Xiamen,0061_n,a,,,Cihui,n
Xiamen_006e_c,Xiamen,006e_c,n,,,Cihui,c
Xiamen_0075_m,Xiamen,0075_m,u,,,Cihui,m
Xiamen_0061_n,Xiamen,0061_n,a,,,Cihui,n
Xiamen_014b_c,Xiamen,014b_c,ŋ,,,Cihui,c
Xiamen_0075_n,Xiamen,0075_n,u,,,Cihui,n
Xiamen_0074_c,Xiamen,0074_c,t,,,Cihui,c
Xiamen_0075_m,Xiamen,0075_m,u,,,Cihui,m
Xiamen_0061_n,Xiamen,0061_n,a,,,Cihui,n
Xiamen_0074_c,Xiamen,0074_c,t,,,Cihui,c
Xiamen_0075_m,Xiamen,0075_m,u,,,Cihui,m
Xiamen_0061_n,Xiamen,0061_n,a,,,Cihui,n
Xiamen_006b_c,Xiamen,006b_c,k,,,Cihui,c
Xiamen_0061_n,Xiamen,0061_n,a,,,Cihui,n
Xiamen_0294_c,Xiamen,0294_c,ʔ,,,Cihui,c
Xiamen_0254_n,Xiamen,0254_n,ɔ,,,Cihui,n
Xiamen_0294_c,Xiamen,0294_c,ʔ,,,Cihui,c
Xiamen_006f_n,Xiamen,006f_n,o,,,Cihui,n
Xiamen_0294_c,Xiamen,0294_c,ʔ,,,Cihui,c
Xiamen_0065_n,Xiamen,0065_n,e,,,Cihui,n
Xiamen_0294_c,Xiamen,0294_c,ʔ,,,Cihui,c
Xiamen_0061-0069_n,Xiamen,0061-0069_n,ai,,,Cihui,n
Xiamen_0294_c,Xiamen,0294_c,ʔ,,,Cihui,c
Xiamen_0061-0075_n,Xiamen,0061-0075_n,au,,,Cihui,n
Xiamen_0294_c,Xiamen,0294_c,ʔ,,,Cihui,c
Xiamen_00e3_n,Xiamen,00e3_n,ã,,,Cihui,n
Xiamen_0294_c,Xiamen,0294_c,ʔ,,,Cihui,c
Xiamen_0254-0303_n,Xiamen,0254-0303_n,ɔ̃,,,Cihui,n
Xiamen_0294_c,Xiamen,0294_c,ʔ,,,Cihui,c
Xiamen_1ebd_n,Xiamen,1ebd_n,ẽ,,,Cihui,n
Xiamen_0294_c,Xiamen,0294_c,ʔ,,,Cihui,c
Xiamen_00e3-0129_n,Xiamen,00e3-0129_n,ãĩ,,,Cihui,n
Xiamen_0294_c,Xiamen,0294_c,ʔ,,,Cihui,c
Xiamen_00e3-0169_n,Xiamen,00e3-0169_n,ãũ,,,Cihui,n
Xiamen_0294_c,Xiamen,0294_c,ʔ,,,Cihui,c
Xiamen_0069_n,Xiamen,0069_n,i,,,Cihui,n
Xiamen_0294_c,Xiamen,0294_c,ʔ,,,Cihui,c
Xiamen_0069_m,Xiamen,0069_m,i,,,Cihui,m
Xiamen_0061_n,Xiamen,0061_n,a,,,Cihui,n
Xiamen_0294_c,Xiamen,0294_c,ʔ,,,Cihui,c
Xiamen_0069_m,Xiamen,0069_m,i,,,Cihui,m
Xiamen_006f_n,Xiamen,006f_n,o,,,Cihui,n
Xiamen_0294_c,Xiamen,0294_c,ʔ,,,Cihui,c
Xiamen_0069_m,Xiamen,0069_m,i,,,Cihui,m
Xiamen_0075_n,Xiamen,0075_n,u,,,Cihui,n
Xiamen_0294_c,Xiamen,0294_c,ʔ,,,Cihui,c
Xiamen_0069_m,Xiamen,0069_m,i,,,Cihui,m
Xiamen_0061-0075_n,Xiamen,0061-0075_n,au,,,Cihui,n
Xiamen_0294_c,Xiamen,0294_c,ʔ,,,Cihui,c
Xiamen_0129_n,Xiamen,0129_n,ĩ,,,Cihui,n
Xiamen_0294_c,Xiamen,0294_c,ʔ,,,Cihui,c
Xiamen_0129_m,Xiamen,0129_m,ĩ,,,Cihui,m
Xiamen_00e3_n,Xiamen,00e3_n,ã,,,Cihui,n
Xiamen_0294_c,Xiamen,0294_c,ʔ,,,Cihui,c
Xiamen_0129_m,Xiamen,0129_m,ĩ,,,Cihui,m
Xiamen_0169_n,Xiamen,0169_n,ũ,,,Cihui,n
Xiamen_0294_c,Xiamen,0294_c,ʔ,,,Cihui,c
Xiamen_0129_m,Xiamen,0129_m,ĩ,,,Cihui,m
Xiamen_00e3-0169_n,Xiamen,00e3-0169_n,ãũ,,,Cihui,n
Xiamen_0294_c,Xiamen,0294_c,ʔ,,,Cihui,c
Xiamen_0075_n,Xiamen,0075_n,u,,,Cihui,n
Xiamen_0294_c,Xiamen,0294_c,ʔ,,,Cihui,c
Xiamen_0075_m,Xiamen,0075_m,u,,,Cihui,m
Xiamen_0061_n,Xiamen,0061_n,a,,,Cihui,n
Xiamen_0294_c,Xiamen,0294_c,ʔ,,,Cihui,c
Xiamen_0075_m,Xiamen,0075_m,u,,,Cihui,m
Xiamen_0065_n,Xiamen,0065_n,e,,,Cihui,n
Xiamen_0294_c,Xiamen,0294_c,ʔ,,,Cihui,c
Xiamen_0075_m,Xiamen,0075_m,u,,,Cihui,m
Xiamen_0069_n,Xiamen,0069_n,i,,,Cihui,n
Xiamen_0294_c,Xiamen,0294_c,ʔ,,,Cihui,c
Xiamen_0169_m,Xiamen,0169_m,ũ,,,Cihui,m
Xiamen_0129_n,Xiamen,0129_n,ĩ,,,Cihui,n
Xiamen_0294_c,Xiamen,0294_c,ʔ,,,Cihui,c
Xiamen_0169_m,Xiamen,0169_m,ũ,,,Cihui,m
Xiamen_00e3-0129_n,Xiamen,00e3-0129_n,ãĩ,,,Cihui,n
Xiamen_0294_c,Xiamen,0294_c,ʔ,,,Cihui,c
Xiamen_006d-0329_n,Xiamen,006d-0329_n,m̩,,,Cihui,n
Xiamen_014b-030d_n,Xiamen,014b-030d_n,ŋ̍,,,Cihui,n
Xiamen_006d-0329_n,Xiamen,006d-0329_n,m̩,,,Cihui,n
Xiamen_0294_c,Xiamen,0294_c,ʔ,,,Cihui,c
Xiamen_014b-030d_n,Xiamen,014b-030d_n,ŋ̍,,,Cihui,n
Xiamen_0294_c,Xiamen,0294_c,ʔ,,,Cihui,c
Xiamen_2075-2075_t/ip,Xiamen,2075-2075_t/ip,⁵⁵,,,Cihui,t/ip
Xiamen_00b2-2074_t/ap,Xiamen,00b2-2074_t/ap,²⁴,,,Cihui,t/ap
Xiamen_2075-00b9_t/s,Xiamen,2075-00b9_t/s,⁵¹,,,Cihui,t/s
Xiamen_00b9-00b9_t/iq,Xiamen,00b9-00b9_t/iq,¹¹,,,Cihui,t/iq
Xiamen_00b3-00b3_t/aq,Xiamen,00b3-00b3_t/aq,³³,,,Cihui,t/aq
Xiamen_00b3-00b2_t/ir,Xiamen,00b3-00b2_t/ir,³²,,,Cihui,t/ir
Xiamen_2075_t/ar,Xiamen,2075_t/ar,⁵,,,Cihui,t/ar
Xi_an_0070_i,Xi_an,0070_i,p,,,Cihui,i
Xi_an_0070-2019_i,Xi_an,0070-2019_i,p’,,,Cihui,i
Xi_an_006d_i,Xi_an,006d_i,m,,,Cihui,i
Xi_an_0070-0066_i,Xi_an,0070-0066_i,pf,,,Cihui,i
Xi_an_0070-0066-2019_i,Xi_an,0070-0066-2019_i,pf’,,,Cihui,i
Xi_an_0066_i,Xi_an,0066_i,f,,,Cihui,i
Xi_an_0076_i,Xi_an,0076_i,v,,,Cihui,i
Xi_an_0074_i,Xi_an,0074_i,t,,,Cihui,i
Xi_an_0074-2019_i,Xi_an,0074-2019_i,t’,,,Cihui,i
Xi_an_006e_i,Xi_an,006e_i,n,,,Cihui,i
Xi_an_006c_i,Xi_an,006c_i,l,,,Cihui,i
Xi_an_0074-0073_i,Xi_an,0074-0073_i,ts,,,Cihui,i
Xi_an_0074-0073-2019_i,Xi_an,0074-0073-2019_i,ts’,,,Cihui,i
Xi_an_0073_i,Xi_an,0073_i,s,,,Cihui,i
Xi_an_0074-0282_i,Xi_an,0074-0282_i,tʂ,,,Cihui,i
Xi_an_0074-0282-2019_i,Xi_an,0074-0282-2019_i,tʂ’,,,Cihui,i
Xi_an_0282_i,Xi_an,0282_i,ʂ,,,Cihui,i
Xi_an_0290_i,Xi_an,0290_i,ʐ,,,Cihui,i
Xi_an_0074-0255_i,Xi_an,0074-0255_i,tɕ,,,Cihui,i
Xi_an_0074-0255-2019_i,Xi_an,0074-0255-2019_i,tɕ’,,,Cihui,i
Xi_an_0235_i,Xi_an,0235_i,ȵ,,,Cihui,i
Xi_an_0255_i,Xi_an,0255_i,ɕ,,,Cihui,i
Xi_an_006b_i,Xi_an,006b_i,k,,,Cihui,i
Xi_an_006b-2019_i,Xi_an,006b-2019_i,k’,,,Cihui,i
Xi_an_014b_i,Xi_an,014b_i,ŋ,,,Cihui,i
Xi_an_0078_i,Xi_an,0078_i,x,,,Cihui,i
Xi_an_027f_n,Xi_an,027f_n,ɿ,,,Cihui,n
Xi_an_0285_n,Xi_an,0285_n,ʅ,,,Cihui,n
Xi_an_025a_n,Xi_an,025a_n,ɚ,,,Cihui,n
Xi_an_0251_n,Xi_an,0251_n,ɑ,,,Cihui,n
Xi_an_006f_n,Xi_an,006f_n,o,,,Cihui,n
Xi_an_0259_n,Xi_an,0259_n,ə,,,Cihui,n
Xi_an_00e6_n,Xi_an,00e6_n,æ,,,Cihui,n
Xi_an_0065-0069_n,Xi_an,0065-0069_n,ei,,,Cihui,n
Xi_an_0251-0075_n,Xi_an,0251-0075_n,ɑu,,,Cihui,n
Xi_an_006f-0075_n,Xi_an,006f-0075_n,ou,,,Cihui,n
Xi_an_00e6-0303_n,Xi_an,00e6-0303_n,æ̃,,,Cihui,n
Xi_an_1ebd_n,Xi_an,1ebd_n,ẽ,,,Cihui,n
Xi_an_0251_n,Xi_an,0251_n,ɑ,,,Cihui,n
Xi_an_014b_c,Xi_an,014b_c,ŋ,,,Cihui,c
Xi_an_0259_n,Xi_an,0259_n,ə,,,Cihui,n
Xi_an_014b_c,Xi_an,014b_c,ŋ,,,Cihui,c
Xi_an_0069_n,Xi_an,0069_n,i,,,Cihui,n
Xi_an_0069_m,Xi_an,0069_m,i,,,Cihui,m
Xi_an_0061_n,Xi_an,0061_n,a,,,Cihui,n
Xi_an_0069_m,Xi_an,0069_m,i,,,Cihui,m
Xi_an_0061_n,Xi_an,0061_n,a,,,Cihui,n
Xi_an_0069_m,Xi_an,0069_m,i,,,Cihui,m
Xi_an_0251-0075_n,Xi_an,0251-0075_n,ɑu,,,Cihui,n
Xi_an_0069_m,Xi_an,0069_m,i,,,Cihui,m
Xi_an_006f-0075_n,Xi_an,006f-0075_n,ou,,,Cihui,n
Xi_an_0069_m,Xi_an,0069_m,i,,,Cihui,m
Xi_an_00e6-0303_n,Xi_an,00e6-0303_n,æ̃,,,Cihui,n
Xi_an_0069_m,Xi_an,0069_m,i,,,Cihui,m
Xi_an_1ebd_n,Xi_an,1ebd_n,ẽ,,,Cihui,n
Xi_an_0069_m,Xi_an,0069_m,i,,,Cihui,m
Xi_an_0251_n,Xi_an,0251_n,ɑ,,,Cihui,n
Xi_an_014b_c,Xi_an,014b_c,ŋ,,,Cihui,c
Xi_an_0069_n,Xi_an,0069_n,i,,,Cihui,n
Xi_an_014b_c,Xi_an,014b_c,ŋ,,,Cihui,c
Xi_an_0075_n,Xi_an,0075_n,u,,,Cihui,n
Xi_an_0075_m,Xi_an,0075_m,u,,,Cihui,m
Xi_an_0251_n,Xi_an,0251_n,ɑ,,,Cihui,n
Xi_an_0075_m,Xi_an,0075_m,u,,,Cihui,m
Xi_an_006f_n,Xi_an,006f_n,o,,,Cihui,n
Xi_an_0075_m,Xi_an,0075_m,u,,,Cihui,m
Xi_an_00e6_n,Xi_an,00e6_n,æ,,,Cihui,n
Xi_an_0075_m,Xi_an,0075_m,u,,,Cihui,m
Xi_an_0065-0069_n,Xi_an,0065-0069_n,ei,,,Cihui,n
Xi_an_0075_m,Xi_an,0075_m,u,,,Cihui,m
Xi_an_00e6-0303_n,Xi_an,00e6-0303_n,æ̃,,,Cihui,n
Xi_an_0075_m,Xi_an,0075_m,u,,,Cihui,m
Xi_an_1ebd_n,Xi_an,1ebd_n,ẽ,,,Cihui,n
Xi_an_0075_m,Xi_an,0075_m,u,,,Cihui,m
Xi_an_0251_n,Xi_an,0251_n,ɑ,,,Cihui,n
Xi_an_014b_c,Xi_an,014b_c,ŋ,,,Cihui,c
Xi_an_0075_m,Xi_an,0075_m,u,,,Cihui,m
Xi_an_006f_n,Xi_an,006f_n,o,,,Cihui,n
Xi_an_014b_c,Xi_an,014b_c,ŋ,,,Cihui,c
Xi_an_0079_n,Xi_an,0079_n,y,,,Cihui,n
Xi_an_0079_m,Xi_an,0079_m,y,,,Cihui,m
Xi_an_006f_n,Xi_an,006f_n,o,,,Cihui,n
Xi_an_0079_m,Xi_an,0079_m,y,,,Cihui,m
Xi_an_0065_n,Xi_an,0065_n,e,,,Cihui,n
Xi_an_0079_m,Xi_an,0079_m,y,,,Cihui,m
Xi_an_00e6-0303_n,Xi_an,00e6-0303_n,æ̃,,,Cihui,n
Xi_an_0079_m,Xi_an,0079_m,y,,,Cihui,m
Xi_an_1ebd_n,Xi_an,1ebd_n,ẽ,,,Cihui,n
Xi_an_0079_m,Xi_an,0079_m,y,,,Cihui,m
Xi_an_006f_n,Xi_an,006f_n,o,,,Cihui,n
Xi_an_014b_c,Xi_an,014b_c,ŋ,,,Cihui,c
Xi_an_00b2-00b9_t/ip,Xi_an,00b2-00b9_t/ip,²¹,,,Cihui,t/ip
Xi_an_00b2-2074-002f-00b2-00b9_t/ip,Xi_an,00b2-2074-002f-00b2-00b9_t/ip,²⁴/²¹,,,Cihui,t/ip
Xi_an_00b2-2074_t/ap,Xi_an,00b2-2074_t/ap,²⁴,,,Cihui,t/ap
Xi_an_2075-00b3_t/s,Xi_an,2075-00b3_t/s,⁵³,,,Cihui,t/s
Xi_an_2074-2075_t/q,Xi_an,2074-2075_t/q,⁴⁵,,,Cihui,t/q
Xi_an_2070_t,Xi_an,2070_t,⁰,,,Cihui,t
Jinan_0070_i,Jinan,0070_i,p,,,Cihui,i
Jinan_0070-2019_i,Jinan,0070-2019_i,p’,,,Cihui,i
Jinan_006d_i,Jinan,006d_i,m,,,Cihui,i
Jinan_0066_i,Jinan,0066_i,f,,,Cihui,i
Jinan_0074_i,Jinan,0074_i,t,,,Cihui,i
Jinan_0074-2019_i,Jinan,0074-2019_i,t’,,,Cihui,i
Jinan_006e_i,Jinan,006e_i,n,,,Cihui,i
Jinan_006c_i,Jinan,006c_i,l,,,Cihui,i
Jinan_0074-0073_i,Jinan,0074-0073_i,ts,,,Cihui,i
Jinan_0074-0073-2019_i,Jinan,0074-0073-2019_i,ts’,,,Cihui,i
Jinan_0073_i,Jinan,0073_i,s,,,Cihui,i
Jinan_0074-0282_i,Jinan,0074-0282_i,tʂ,,,Cihui,i
Jinan_0074-0282-2019_i,Jinan,0074-0282-2019_i,tʂ’,,,Cihui,i
Jinan_0282_i,Jinan,0282_i,ʂ,,,Cihui,i
Jinan_0290_i,Jinan,0290_i,ʐ,,,Cihui,i
Jinan_0074-0255_i,Jinan,0074-0255_i,tɕ,,,Cihui,i
Jinan_0074-0255-2019_i,Jinan,0074-0255-2019_i,tɕ’,,,Cihui,i
Jinan_0235_i,Jinan,0235_i,ȵ,,,Cihui,i
Jinan_0255_i,Jinan,0255_i,ɕ,,,Cihui,i
Jinan_006b_i,Jinan,006b_i,k,,,Cihui,i
Jinan_006b-2019_i,Jinan,006b-2019_i,k’,,,Cihui,i
Jinan_014b_i,Jinan,014b_i,ŋ,,,Cihui,i
Jinan_0078_i,Jinan,0078_i,x,,,Cihui,i
Jinan_027f_n,Jinan,027f_n,ɿ,,,Cihui,n
Jinan_0285_n,Jinan,0285_n,ʅ,,,Cihui,n
Jinan_025a_n,Jinan,025a_n,ɚ,,,Cihui,n
Jinan_0061_n,Jinan,0061_n,a,,,Cihui,n
Jinan_025b_n,Jinan,025b_n,ɛ,,,Cihui,n
Jinan_0254_n,Jinan,0254_n,ɔ,,,Cihui,n
Jinan_0259_n,Jinan,0259_n,ə,,,Cihui,n
Jinan_0065-0069_n,Jinan,0065-0069_n,ei,,,Cihui,n
Jinan_006f-0075_n,Jinan,006f-0075_n,ou,,,Cihui,n
Jinan_00e6-0303_n,Jinan,00e6-0303_n,æ̃,,,Cihui,n
Jinan_1ebd_n,Jinan,1ebd_n,ẽ,,,Cihui,n
Jinan_0061_n,Jinan,0061_n,a,,,Cihui,n
Jinan_014b_c,Jinan,014b_c,ŋ,,,Cihui,c
Jinan_0259_n,Jinan,0259_n,ə,,,Cihui,n
Jinan_014b_c,Jinan,014b_c,ŋ,,,Cihui,c
Jinan_0069_n,Jinan,0069_n,i,,,Cihui,n
Jinan_0069_m,Jinan,0069_m,i,,,Cihui,m
Jinan_0061_n,Jinan,0061_n,a,,,Cihui,n
Jinan_0069_m,Jinan,0069_m,i,,,Cihui,m
Jinan_025b_n,Jinan,025b_n,ɛ,,,Cihui,n
Jinan_0069_m,Jinan,0069_m,i,,,Cihui,m
Jinan_006f_n,Jinan,006f_n,o,,,Cihui,n
Jinan_0069_m,Jinan,0069_m,i,,,Cihui,m
Jinan_0065_n,Jinan,0065_n,e,,,Cihui,n
Jinan_0069_m,Jinan,0069_m,i,,,Cihui,m
Jinan_006f-0075_n,Jinan,006f-0075_n,ou,,,Cihui,n
Jinan_0069_m,Jinan,0069_m,i,,,Cihui,m
Jinan_00e6-0303_n,Jinan,00e6-0303_n,æ̃,,,Cihui,n
Jinan_0069_m,Jinan,0069_m,i,,,Cihui,m
Jinan_1ebd_n,Jinan,1ebd_n,ẽ,,,Cihui,n
Jinan_0069_m,Jinan,0069_m,i,,,Cihui,m
Jinan_0061_n,Jinan,0061_n,a,,,Cihui,n
Jinan_0069_n,Jinan,0069_n,i,,,Cihui,n
Jinan_014b_c,Jinan,014b_c,ŋ,,,Cihui,c
Jinan_0075_n,Jinan,0075_n,u,,,Cihui,n
Jinan_0075_m,Jinan,0075_m,u,,,Cihui,m
Jinan_0061_n,Jinan,0061_n,a,,,Cihui,n
Jinan_0075_m,Jinan,0075_m,u,,,Cihui,m
Jinan_025b_n,Jinan,025b_n,ɛ,,,Cihui,n
Jinan_0075_m,Jinan,0075_m,u,,,Cihui,m
Jinan_0259_n,Jinan,0259_n,ə,,,Cihui,n
Jinan_0075_m,Jinan,0075_m,u,,,Cihui,m
Jinan_0065-0069_n,Jinan,0065-0069_n,ei,,,Cihui,n
Jinan_0075_m,Jinan,0075_m,u,,,Cihui,m
Jinan_00e6-0303_n,Jinan,00e6-0303_n,æ̃,,,Cihui,n
Jinan_0075_m,Jinan,0075_m,u,,,Cihui,m
Jinan_1ebd_n,Jinan,1ebd_n,ẽ,,,Cihui,n
Jinan_0075_m,Jinan,0075_m,u,,,Cihui,m
Jinan_0061_n,Jinan,0061_n,a,,,Cihui,n
Jinan_014b_c,Jinan,014b_c,ŋ,,,Cihui,c
Jinan_0075_n,Jinan,0075_n,u,,,Cihui,n
Jinan_014b_c,Jinan,014b_c,ŋ,,,Cihui,c
Jinan_0075_m,Jinan,0075_m,u,,,Cihui,m
Jinan_025b_n,Jinan,025b_n,ɛ,,,Cihui,n
Jinan_014b_c,Jinan,014b_c,ŋ,,,Cihui,c
Jinan_0079_n,Jinan,0079_n,y,,,Cihui,n
Jinan_0079_m,Jinan,0079_m,y,,,Cihui,m
Jinan_0065_n,Jinan,0065_n,e,,,Cihui,n
Jinan_0079_m,Jinan,0079_m,y,,,Cihui,m
Jinan_00e6-0303_n,Jinan,00e6-0303_n,æ̃,,,Cihui,n
Jinan_1ebd_n,Jinan,1ebd_n,ẽ,,,Cihui,n
Jinan_0079_n,Jinan,0079_n,y,,,Cihui,n
Jinan_014b_c,Jinan,014b_c,ŋ,,,Cihui,c
Jinan_00b2-00b9-00b3_t/ip,Jinan,00b2-00b9-00b3_t/ip,²¹³,,,Cihui,t/ip
Jinan_2074-00b2_t/ap,Jinan,2074-00b2_t/ap,⁴²,,,Cihui,t/ap
Jinan_2075-2075_t/s,Jinan,2075-2075_t/s,⁵⁵,,,Cihui,t/s
Jinan_00b2-00b9_t/q,Jinan,00b2-00b9_t/q,²¹,,,Cihui,t/q
Jinan_2070_t,Jinan,2070_t,⁰,,,Cihui,t
Wenzhou_0070_i,Wenzhou,0070_i,p,,,Cihui,i
Wenzhou_0070-2019_i,Wenzhou,0070-2019_i,p’,,,Cihui,i
Wenzhou_0062_i,Wenzhou,0062_i,b,,,Cihui,i
Wenzhou_006d_i,Wenzhou,006d_i,m,,,Cihui,i
Wenzhou_0066_i,Wenzhou,0066_i,f,,,Cihui,i
Wenzhou_0076_i,Wenzhou,0076_i,v,,,Cihui,i
Wenzhou_0074_i,Wenzhou,0074_i,t,,,Cihui,i
Wenzhou_0074-2019_i,Wenzhou,0074-2019_i,t’,,,Cihui,i
Wenzhou_0064_i,Wenzhou,0064_i,d,,,Cihui,i
Wenzhou_006e_i,Wenzhou,006e_i,n,,,Cihui,i
Wenzhou_006c_i,Wenzhou,006c_i,l,,,Cihui,i
Wenzhou_0074-0073_i,Wenzhou,0074-0073_i,ts,,,Cihui,i
Wenzhou_0074-0073-2019_i,Wenzhou,0074-0073-2019_i,ts’,,,Cihui,i
Wenzhou_0064-007a_i,Wenzhou,0064-007a_i,dz,,,Cihui,i
Wenzhou_0073_i,Wenzhou,0073_i,s,,,Cihui,i
Wenzhou_007a_i,Wenzhou,007a_i,z,,,Cihui,i
Wenzhou_0074-0255_i,Wenzhou,0074-0255_i,tɕ,,,Cihui,i
Wenzhou_0074-0255-2019_i,Wenzhou,0074-0255-2019_i,tɕ’,,,Cihui,i
Wenzhou_0064-0291_i,Wenzhou,0064-0291_i,dʑ,,,Cihui,i
Wenzhou_0235_i,Wenzhou,0235_i,ȵ,,,Cihui,i
Wenzhou_0255_i,Wenzhou,0255_i,ɕ,,,Cihui,i
Wenzhou_006b_i,Wenzhou,006b_i,k,,,Cihui,i
Wenzhou_006b-2019_i,Wenzhou,006b-2019_i,k’,,,Cihui,i
Wenzhou_0067_i,Wenzhou,0067_i,g,,,Cihui,i
Wenzhou_014b_i,Wenzhou,014b_i,ŋ,,,Cihui,i
Wenzhou_0068_i,Wenzhou,0068_i,h,,,Cihui,i
Wenzhou_0266_i,Wenzhou,0266_i,ɦ,,,Cihui,i
Wenzhou_027f_n,Wenzhou,027f_n,ɿ,,,Cihui,n
Wenzhou_0061_n,Wenzhou,0061_n,a,,,Cihui,n
Wenzhou_006f_n,Wenzhou,006f_n,o,,,Cihui,n
Wenzhou_025c_n,Wenzhou,025c_n,ɜ,,,Cihui,n
Wenzhou_00f8_n,Wenzhou,00f8_n,ø,,,Cihui,n
Wenzhou_1d07_n,Wenzhou,1d07_n,ᴇ,,,Cihui,n
Wenzhou_025b_n,Wenzhou,025b_n,ɛ,,,Cihui,n
Wenzhou_0061-0069_n,Wenzhou,0061-0069_n,ai,,,Cihui,n
Wenzhou_0065-0069_n,Wenzhou,0065-0069_n,ei,,,Cihui,n
Wenzhou_0061-0075_n,Wenzhou,0061-0075_n,au,,,Cihui,n
Wenzhou_0259-0075_n,Wenzhou,0259-0075_n,əu,,,Cihui,n
Wenzhou_00f8-0079_n,Wenzhou,00f8-0079_n,øy,,,Cihui,n
Wenzhou_0061_n,Wenzhou,0061_n,a,,,Cihui,n
Wenzhou_014b_c,Wenzhou,014b_c,ŋ,,,Cihui,c
Wenzhou_006f_n,Wenzhou,006f_n,o,,,Cihui,n
Wenzhou_014b_c,Wenzhou,014b_c,ŋ,,,Cihui,c
Wenzhou_0259_n,Wenzhou,0259_n,ə,,,Cihui,n
Wenzhou_014b_c,Wenzhou,014b_c,ŋ,,,Cihui,c
Wenzhou_0069_n,Wenzhou,0069_n,i,,,Cihui,n
Wenzhou_0069_m,Wenzhou,0069_m,i,,,Cihui,m
Wenzhou_0061_n,Wenzhou,0061_n,a,,,Cihui,n
Wenzhou_0069_m,Wenzhou,0069_m,i,,,Cihui,m
Wenzhou_025b_n,Wenzhou,025b_n,ɛ,,,Cihui,n
Wenzhou_0069_m,Wenzhou,0069_m,i,,,Cihui,m
Wenzhou_0061-0069_n,Wenzhou,0061-0069_n,ai,,,Cihui,n
Wenzhou_0069_m,Wenzhou,0069_m,i,,,Cihui,m
Wenzhou_0061-0075_n,Wenzhou,0061-0075_n,au,,,Cihui,n
Wenzhou_0069_m,Wenzhou,0069_m,i,,,Cihui,m
Wenzhou_0075_n,Wenzhou,0075_n,u,,,Cihui,n
Wenzhou_0069_m,Wenzhou,0069_m,i,,,Cihui,m
Wenzhou_0061_n,Wenzhou,0061_n,a,,,Cihui,n
Wenzhou_014b_c,Wenzhou,014b_c,ŋ,,,Cihui,c
Wenzhou_0075_n,Wenzhou,0075_n,u,,,Cihui,n
Wenzhou_0075_m,Wenzhou,0075_m,u,,,Cihui,m
Wenzhou_0061_n,Wenzhou,0061_n,a,,,Cihui,n
Wenzhou_0075_m,Wenzhou,0075_m,u,,,Cihui,m
Wenzhou_0254_n,Wenzhou,0254_n,ɔ,,,Cihui,n
Wenzhou_0075_m,Wenzhou,0075_m,u,,,Cihui,m
Wenzhou_0061-0069_n,Wenzhou,0061-0069_n,ai,,,Cihui,n
Wenzhou_0079_n,Wenzhou,0079_n,y,,,Cihui,n
Wenzhou_0079_m,Wenzhou,0079_m,y,,,Cihui,m
Wenzhou_0254_n,Wenzhou,0254_n,ɔ,,,Cihui,n
Wenzhou_0079_m,Wenzhou,0079_m,y,,,Cihui,m
Wenzhou_006f_n,Wenzhou,006f_n,o,,,Cihui,n
Wenzhou_0079_m,Wenzhou,0079_m,y,,,Cihui,m
Wenzhou_006f_n,Wenzhou,006f_n,o,,,Cihui,n
Wenzhou_014b_c,Wenzhou,014b_c,ŋ,,,Cihui,c
Wenzhou_006d-0329_n,Wenzhou,006d-0329_n,m̩,,,Cihui,n
Wenzhou_006e-0329_n,Wenzhou,006e-0329_n,n̩,,,Cihui,n
Wenzhou_014b-030d_n,Wenzhou,014b-030d_n,ŋ̍,,,Cihui,n
Wenzhou_2074-2074_t/ip,Wenzhou,2074-2074_t/ip,⁴⁴,,,Cihui,t/ip
Wenzhou_00b3-00b9_t/ap,Wenzhou,00b3-00b9_t/ap,³¹,,,Cihui,t/ap
Wenzhou_2074-2075_t/is,Wenzhou,2074-2075_t/is,⁴⁵,,,Cihui,t/is
Wenzhou_00b2-2074_t/as,Wenzhou,00b2-2074_t/as,²⁴,,,Cihui,t/as
Wenzhou_2074-00b2_t/iq,Wenzhou,2074-00b2_t/iq,⁴²,,,Cihui,t/iq
Wenzhou_00b9-00b9_t/aq,Wenzhou,00b9-00b9_t/aq,¹¹,,,Cihui,t/aq
Wenzhou_00b2-00b3_t/ir,Wenzhou,00b2-00b3_t/ir,²³,,,Cihui,t/ir
Wenzhou_00b9-00b2_t/ar,Wenzhou,00b9-00b2_t/ar,¹²,,,Cihui,t/ar
Wenzhou_2070_t,Wenzhou,2070_t,⁰,,,Cihui,t
Shenyang_0070_i,Shenyang,0070_i,p,,,Cihui,i
Shenyang_0070-2019_i,Shenyang,0070-2019_i,p’,,,Cihui,i
Shenyang_006d_i,Shenyang,006d_i,m,,,Cihui,i
Shenyang_0066_i,Shenyang,0066_i,f,,,Cihui,i
Shenyang_0074_i,Shenyang,0074_i,t,,,Cihui,i
Shenyang_0074-2019_i,Shenyang,0074-2019_i,t’,,,Cihui,i
Shenyang_006e_i,Shenyang,006e_i,n,,,Cihui,i
Shenyang_006c_i,Shenyang,006c_i,l,,,Cihui,i
Shenyang_0074-0073_i,Shenyang,0074-0073_i,ts,,,Cihui,i
Shenyang_0074-0073-2019_i,Shenyang,0074-0073-2019_i,ts’,,,Cihui,i
Shenyang_0073_i,Shenyang,0073_i,s,,,Cihui,i
Shenyang_0074-0255_i,Shenyang,0074-0255_i,tɕ,,,Cihui,i
Shenyang_0074-0255-2019_i,Shenyang,0074-0255-2019_i,tɕ’,,,Cihui,i
Shenyang_0235_i,Shenyang,0235_i,ȵ,,,Cihui,i
Shenyang_0255_i,Shenyang,0255_i,ɕ,,,Cihui,i
Shenyang_006b_i,Shenyang,006b_i,k,,,Cihui,i
Shenyang_006b-2019_i,Shenyang,006b-2019_i,k’,,,Cihui,i
Shenyang_0078_i,Shenyang,0078_i,x,,,Cihui,i
Shenyang_027f_n,Shenyang,027f_n,ɿ,,,Cihui,n
Shenyang_025a_n,Shenyang,025a_n,ɚ,,,Cihui,n
Shenyang_0061_n,Shenyang,0061_n,a,,,Cihui,n
Shenyang_0259_n,Shenyang,0259_n,ə,,,Cihui,n
Shenyang_0061-0069_n,Shenyang,0061-0069_n,ai,,,Cihui,n
Shenyang_0065-0069_n,Shenyang,0065-0069_n,ei,,,Cihui,n
Shenyang_0061-0075_n,Shenyang,0061-0075_n,au,,,Cihui,n
Shenyang_006f-0075_n,Shenyang,006f-0075_n,ou,,,Cihui,n
Shenyang_0061_n,Shenyang,0061_n,a,,,Cihui,n
Shenyang_006e_c,Shenyang,006e_c,n,,,Cihui,c
Shenyang_0259_n,Shenyang,0259_n,ə,,,Cihui,n
Shenyang_006e_c,Shenyang,006e_c,n,,,Cihui,c
Shenyang_0061_n,Shenyang,0061_n,a,,,Cihui,n
Shenyang_014b_c,Shenyang,014b_c,ŋ,,,Cihui,c
Shenyang_0259_n,Shenyang,0259_n,ə,,,Cihui,n
Shenyang_014b_c,Shenyang,014b_c,ŋ,,,Cihui,c
Shenyang_0069_n,Shenyang,0069_n,i,,,Cihui,n
Shenyang_0069_m,Shenyang,0069_m,i,,,Cihui,m
Shenyang_0061_n,Shenyang,0061_n,a,,,Cihui,n
Shenyang_0069_m,Shenyang,0069_m,i,,,Cihui,m
Shenyang_0065_n,Shenyang,0065_n,e,,,Cihui,n
Shenyang_0069_m,Shenyang,0069_m,i,,,Cihui,m
Shenyang_0061-0075_n,Shenyang,0061-0075_n,au,,,Cihui,n
Shenyang_0069_m,Shenyang,0069_m,i,,,Cihui,m
Shenyang_006f-0075_n,Shenyang,006f-0075_n,ou,,,Cihui,n
Shenyang_0069_m,Shenyang,0069_m,i,,,Cihui,m
Shenyang_0061_n,Shenyang,0061_n,a,,,Cihui,n
Shenyang_006e_c,Shenyang,006e_c,n,,,Cihui,c
Shenyang_0069_n,Shenyang,0069_n,i,,,Cihui,n
Shenyang_006e_c,Shenyang,006e_c,n,,,Cihui,c
Shenyang_0069_m,Shenyang,0069_m,i,,,Cihui,m
Shenyang_0061_n,Shenyang,0061_n,a,,,Cihui,n
Shenyang_014b_c,Shenyang,014b_c,ŋ,,,Cihui,c
Shenyang_0069_n,Shenyang,0069_n,i,,,Cihui,n
Shenyang_014b_c,Shenyang,014b_c,ŋ,,,Cihui,c
Shenyang_0075_n,Shenyang,0075_n,u,,,Cihui,n
Shenyang_0075_m,Shenyang,0075_m,u,,,Cihui,m
Shenyang_0061_n,Shenyang,0061_n,a,,,Cihui,n
Shenyang_0075_m,Shenyang,0075_m,u,,,Cihui,m
Shenyang_0259_n,Shenyang,0259_n,ə,,,Cihui,n
Shenyang_0075_m,Shenyang,0075_m,u,,,Cihui,m
Shenyang_0061-0069_n,Shenyang,0061-0069_n,ai,,,Cihui,n
Shenyang_0075_m,Shenyang,0075_m,u,,,Cihui,m
Shenyang_0065-0069_n,Shenyang,0065-0069_n,ei,,,Cihui,n
Shenyang_0075_m,Shenyang,0075_m,u,,,Cihui,m
Shenyang_0061_n,Shenyang,0061_n,a,,,Cihui,n
Shenyang_006e_c,Shenyang,006e_c,n,,,Cihui,c
Shenyang_0075_m,Shenyang,0075_m,u,,,Cihui,m
Shenyang_0259_n,Shenyang,0259_n,ə,,,Cihui,n
Shenyang_006e_c,Shenyang,006e_c,n,,,Cihui,c
Shenyang_0075_m,Shenyang,0075_m,u,,,Cihui,m
Shenyang_0061_n,Shenyang,0061_n,a,,,Cihui,n
Shenyang_014b_c,Shenyang,014b_c,ŋ,,,Cihui,c
Shenyang_0075_n,Shenyang,0075_n,u,,,Cihui,n
Shenyang_014b_c,Shenyang,014b_c,ŋ,,,Cihui,c
Shenyang_0075_m,Shenyang,0075_m,u,,,Cihui,m
Shenyang_0259_n,Shenyang,0259_n,ə,,,Cihui,n
Shenyang_014b_c,Shenyang,014b_c,ŋ,,,Cihui,c
Shenyang_0079_n,Shenyang,0079_n,y,,,Cihui,n
Shenyang_0079_m,Shenyang,0079_m,y,,,Cihui,m
Shenyang_0259_n,Shenyang,0259_n,ə,,,Cihui,n
Shenyang_0079_m,Shenyang,0079_m,y,,,Cihui,m
Shenyang_0061_n,Shenyang,0061_n,a,,,Cihui,n
Shenyang_006e_c,Shenyang,006e_c,n,,,Cihui,c
Shenyang_0079_n,Shenyang,0079_n,y,,,Cihui,n
Shenyang_006e_c,Shenyang,006e_c,n,,,Cihui,c
Shenyang_0079_n,Shenyang,0079_n,y,,,Cihui,n
Shenyang_014b_c,Shenyang,014b_c,ŋ,,,Cihui,c
Shenyang_00b3-00b3_t/ip,Shenyang,00b3-00b3_t/ip,³³,,,Cihui,t/ip
Shenyang_00b3-2075_t/ap,Shenyang,00b3-2075_t/ap,³⁵,,,Cihui,t/ap
Shenyang_00b3-2075-002f-00b2-00b9-00b3_t/s,Shenyang,00b3-2075-002f-00b2-00b9-00b3_t/s,³⁵/²¹³,,,Cihui,t/s
Shenyang_00b2-00b9-002f-00b2-00b9-00b3_t/s,Shenyang,00b2-00b9-002f-00b2-00b9-00b3_t/s,²¹/²¹³,,,Cihui,t/s
Shenyang_00b2-00b9-00b3_t/s,Shenyang,00b2-00b9-00b3_t/s,²¹³,,,Cihui,t/s
Shenyang_2074-00b9_t/q,Shenyang,2074-00b9_t/q,⁴¹,,,Cihui,t/q
Shenyang_2070_t,Shenyang,2070_t,⁰,,,Cihui,t
Guangzhou_0070_i,Guangzhou,0070_i,p,,,Cihui,i
Guangzhou_0070-2019_i,Guangzhou,0070-2019_i,p’,,,Cihui,i
Guangzhou_006d_i,Guangzhou,006d_i,m,,,Cihui,i
Guangzhou_0066_i,Guangzhou,0066_i,f,,,Cihui,i
Guangzhou_0074_i,Guangzhou,0074_i,t,,,Cihui,i
Guangzhou_0074-2019_i,Guangzhou,0074-2019_i,t’,,,Cihui,i
Guangzhou_006e_i,Guangzhou,006e_i,n,,,Cihui,i
Guangzhou_006c_i,Guangzhou,006c_i,l,,,Cihui,i
Guangzhou_0074-0283_i,Guangzhou,0074-0283_i,tʃ,,,Cihui,i
Guangzhou_0074-0283-2019_i,Guangzhou,0074-0283-2019_i,tʃ’,,,Cihui,i
Guangzhou_0283_i,Guangzhou,0283_i,ʃ,,,Cihui,i
Guangzhou_006a_i,Guangzhou,006a_i,j,,,Cihui,i
Guangzhou_006b_i,Guangzhou,006b_i,k,,,Cihui,i
Guangzhou_006b-2019_i,Guangzhou,006b-2019_i,k’,,,Cihui,i
Guangzhou_014b_i,Guangzhou,014b_i,ŋ,,,Cihui,i
Guangzhou_0068_i,Guangzhou,0068_i,h,,,Cihui,i
Guangzhou_006b-0077_i,Guangzhou,006b-0077_i,kw,,,Cihui,i
Guangzhou_006b-2019-0077_i,Guangzhou,006b-2019-0077_i,k’w,,,Cihui,i
Guangzhou_0077_i,Guangzhou,0077_i,w,,,Cihui,i
Guangzhou_0061_n,Guangzhou,0061_n,a,,,Cihui,n
Guangzhou_0061-0069_n,Guangzhou,0061-0069_n,ai,,,Cihui,n
Guangzhou_0061-0075_n,Guangzhou,0061-0075_n,au,,,Cihui,n
Guangzhou_0061_n,Guangzhou,0061_n,a,,,Cihui,n
Guangzhou_006d_c,Guangzhou,006d_c,m,,,Cihui,c
Guangzhou_0061_n,Guangzhou,0061_n,a,,,Cihui,n
Guangzhou_006e_c,Guangzhou,006e_c,n,,,Cihui,c
Guangzhou_0061_n,Guangzhou,0061_n,a,,,Cihui,n
Guangzhou_014b_c,Guangzhou,014b_c,ŋ,,,Cihui,c
Guangzhou_0061_n,Guangzhou,0061_n,a,,,Cihui,n
Guangzhou_0070_c,Guangzhou,0070_c,p,,,Cihui,c
Guangzhou_0061_n,Guangzhou,0061_n,a,,,Cihui,n
Guangzhou_0074_c,Guangzhou,0074_c,t,,,Cihui,c
Guangzhou_0061_n,Guangzhou,0061_n,a,,,Cihui,n
Guangzhou_006b_c,Guangzhou,006b_c,k,,,Cihui,c
Guangzhou_0250-0069_n,Guangzhou,0250-0069_n,ɐi,,,Cihui,n
Guangzhou_0250-0075_n,Guangzhou,0250-0075_n,ɐu,,,Cihui,n
Guangzhou_0250_n,Guangzhou,0250_n,ɐ,,,Cihui,n
Guangzhou_006d_c,Guangzhou,006d_c,m,,,Cihui,c
Guangzhou_0250_n,Guangzhou,0250_n,ɐ,,,Cihui,n
Guangzhou_006e_c,Guangzhou,006e_c,n,,,Cihui,c
Guangzhou_0250_n,Guangzhou,0250_n,ɐ,,,Cihui,n
Guangzhou_014b_c,Guangzhou,014b_c,ŋ,,,Cihui,c
Guangzhou_0250_n,Guangzhou,0250_n,ɐ,,,Cihui,n
Guangzhou_0070_c,Guangzhou,0070_c,p,,,Cihui,c
Guangzhou_0250_n,Guangzhou,0250_n,ɐ,,,Cihui,n
Guangzhou_0074_c,Guangzhou,0074_c,t,,,Cihui,c
Guangzhou_0250_n,Guangzhou,0250_n,ɐ,,,Cihui,n
Guangzhou_006b_c,Guangzhou,006b_c,k,,,Cihui,c
Guangzhou_025b_n,Guangzhou,025b_n,ɛ,,,Cihui,n
Guangzhou_0065-0069_n,Guangzhou,0065-0069_n,ei,,,Cihui,n
Guangzhou_0065_n,Guangzhou,0065_n,e,,,Cihui,n
Guangzhou_014b_c,Guangzhou,014b_c,ŋ,,,Cihui,c
Guangzhou_025b_n,Guangzhou,025b_n,ɛ,,,Cihui,n
Guangzhou_006b_c,Guangzhou,006b_c,k,,,Cihui,c
Guangzhou_0153_n,Guangzhou,0153_n,œ,,,Cihui,n
Guangzhou_00f8-0079_n,Guangzhou,00f8-0079_n,øy,,,Cihui,n
Guangzhou_00f8_n,Guangzhou,00f8_n,ø,,,Cihui,n
Guangzhou_006e_c,Guangzhou,006e_c,n,,,Cihui,c
Guangzhou_0153_n,Guangzhou,0153_n,œ,,,Cihui,n
Guangzhou_014b_c,Guangzhou,014b_c,ŋ,,,Cihui,c
Guangzhou_00f8_n,Guangzhou,00f8_n,ø,,,Cihui,n
Guangzhou_0074_c,Guangzhou,0074_c,t,,,Cihui,c
Guangzhou_00f8_n,Guangzhou,00f8_n,ø,,,Cihui,n
Guangzhou_006b_c,Guangzhou,006b_c,k,,,Cihui,c
Guangzhou_0254_n,Guangzhou,0254_n,ɔ,,,Cihui,n
Guangzhou_0254-0069_n,Guangzhou,0254-0069_n,ɔi,,,Cihui,n
Guangzhou_006f-0075_n,Guangzhou,006f-0075_n,ou,,,Cihui,n
Guangzhou_0254_n,Guangzhou,0254_n,ɔ,,,Cihui,n
Guangzhou_006e_c,Guangzhou,006e_c,n,,,Cihui,c
Guangzhou_0254_n,Guangzhou,0254_n,ɔ,,,Cihui,n
Guangzhou_014b_c,Guangzhou,014b_c,ŋ,,,Cihui,c
Guangzhou_0254_n,Guangzhou,0254_n,ɔ,,,Cihui,n
Guangzhou_0074_c,Guangzhou,0074_c,t,,,Cihui,c
Guangzhou_0254_n,Guangzhou,0254_n,ɔ,,,Cihui,n
Guangzhou_006b_c,Guangzhou,006b_c,k,,,Cihui,c
Guangzhou_0069_n,Guangzhou,0069_n,i,,,Cihui,n
Guangzhou_0069_m,Guangzhou,0069_m,i,,,Cihui,m
Guangzhou_0075_n,Guangzhou,0075_n,u,,,Cihui,n
Guangzhou_0069_n,Guangzhou,0069_n,i,,,Cihui,n
Guangzhou_006d_c,Guangzhou,006d_c,m,,,Cihui,c
Guangzhou_0069_n,Guangzhou,0069_n,i,,,Cihui,n
Guangzhou_006e_c,Guangzhou,006e_c,n,,,Cihui,c
Guangzhou_026a_n,Guangzhou,026a_n,ɪ,,,Cihui,n
Guangzhou_014b_c,Guangzhou,014b_c,ŋ,,,Cihui,c
Guangzhou_0069_n,Guangzhou,0069_n,i,,,Cihui,n
Guangzhou_0070_c,Guangzhou,0070_c,p,,,Cihui,c
Guangzhou_0069_n,Guangzhou,0069_n,i,,,Cihui,n
Guangzhou_0074_c,Guangzhou,0074_c,t,,,Cihui,c
Guangzhou_0069_n,Guangzhou,0069_n,i,,,Cihui,n
Guangzhou_006b_c,Guangzhou,006b_c,k,,,Cihui,c
Guangzhou_0075_n,Guangzhou,0075_n,u,,,Cihui,n
Guangzhou_0075_m,Guangzhou,0075_m,u,,,Cihui,m
Guangzhou_0069_n,Guangzhou,0069_n,i,,,Cihui,n
Guangzhou_0075_n,Guangzhou,0075_n,u,,,Cihui,n
Guangzhou_006e_c,Guangzhou,006e_c,n,,,Cihui,c
Guangzhou_028a_n,Guangzhou,028a_n,ʊ,,,Cihui,n
Guangzhou_014b_c,Guangzhou,014b_c,ŋ,,,Cihui,c
Guangzhou_0075_n,Guangzhou,0075_n,u,,,Cihui,n
Guangzhou_0074_c,Guangzhou,0074_c,t,,,Cihui,c
Guangzhou_0075_n,Guangzhou,0075_n,u,,,Cihui,n
Guangzhou_006b_c,Guangzhou,006b_c,k,,,Cihui,c
Guangzhou_0079_n,Guangzhou,0079_n,y,,,Cihui,n
Guangzhou_0079_n,Guangzhou,0079_n,y,,,Cihui,n
Guangzhou_006e_c,Guangzhou,006e_c,n,,,Cihui,c
Guangzhou_0079_n,Guangzhou,0079_n,y,,,Cihui,n
Guangzhou_0074_c,Guangzhou,0074_c,t,,,Cihui,c
Guangzhou_006d-0329_n,Guangzhou,006d-0329_n,m̩,,,Cihui,n
Guangzhou_014b-030d_n,Guangzhou,014b-030d_n,ŋ̍,,,Cihui,n
Guangzhou_2075-00b3_t/ip,Guangzhou,2075-00b3_t/ip,⁵³,,,Cihui,t/ip
Guangzhou_2075-2075_t/ip,Guangzhou,2075-2075_t/ip,⁵⁵,,,Cihui,t/ip
Guangzhou_00b2-00b9_t/ap,Guangzhou,00b2-00b9_t/ap,²¹,,,Cihui,t/ap
Guangzhou_00b3-2075_t/is,Guangzhou,00b3-2075_t/is,³⁵,,,Cihui,t/is
Guangzhou_00b2-00b3_t/as,Guangzhou,00b2-00b3_t/as,²³,,,Cihui,t/as
Guangzhou_00b3-00b3_t/iq,Guangzhou,00b3-00b3_t/iq,³³,,,Cihui,t/iq
Guangzhou_00b2-00b2_t/aq,Guangzhou,00b2-00b2_t/aq,²²,,,Cihui,t/aq
Guangzhou_2075_t/ir,Guangzhou,2075_t/ir,⁵,,,Cihui,t/ir
Guangzhou_00b3-00b3_t/ir,Guangzhou,00b3-00b3_t/ir,³³,,,Cihui,t/ir
Guangzhou_00b2-00b2_t/ar,Guangzhou,00b2-00b2_t/ar,²²,,,Cihui,t/ar
Guangzhou_00b2_t/ar,Guangzhou,00b2_t/ar,²,,,Cihui,t/ar
